#
# There is insufficient memory for the Java Runtime Environment to continue.
# Native memory allocation (malloc) failed to allocate 2183296 bytes. Error detail: Chunk::new
# Possible reasons:
#   The system is out of physical RAM or swap space
#   This process is running with CompressedOops enabled, and the Java Heap may be blocking the growth of the native heap
# Possible solutions:
#   Reduce memory load on the system
#   Increase physical memory or swap space
#   Check if swap backing store is full
#   Decrease Java heap size (-Xmx/-Xms)
#   Decrease number of Java threads
#   Decrease Java thread stack sizes (-Xss)
#   Set larger code cache with -XX:ReservedCodeCacheSize=
#   JVM is running with Zero Based Compressed Oops mode in which the Java heap is
#     placed in the first 32GB address space. The Java Heap base address is the
#     maximum limit for the native heap growth. Please use -XX:HeapBaseMinAddress
#     to set the Java Heap base and to place the Java Heap above 32GB virtual address.
# This output file may be truncated or incomplete.
#
#  Out of Memory Error (arena.cpp:168), pid=6264, tid=24072
#
# JRE version: OpenJDK Runtime Environment (21.0.6) (build 21.0.6+-13391695-b895.109)
# Java VM: OpenJDK 64-Bit Server VM (21.0.6+-13391695-b895.109, mixed mode, tiered, compressed oops, compressed class ptrs, g1 gc, windows-amd64)
# No core dump will be written. Minidumps are not enabled by default on client versions of Windows
#

---------------  S U M M A R Y ------------

Command Line: --add-exports=java.base/sun.nio.ch=ALL-UNNAMED --add-opens=java.base/java.lang=ALL-UNNAMED --add-opens=java.base/java.lang.reflect=ALL-UNNAMED --add-opens=java.base/java.io=ALL-UNNAMED --add-exports=jdk.unsupported/sun.misc=ALL-UNNAMED --add-opens=java.base/java.util=ALL-UNNAMED --add-opens=java.base/java.lang=ALL-UNNAMED --add-opens=java.base/java.lang.invoke=ALL-UNNAMED --add-opens=java.prefs/java.util.prefs=ALL-UNNAMED --add-opens=java.base/java.nio.charset=ALL-UNNAMED --add-opens=java.base/java.net=ALL-UNNAMED --add-opens=java.base/java.util.concurrent.atomic=ALL-UNNAMED -Xmx4608m -Dfile.encoding=UTF-8 -Duser.country=US -Duser.language=en -Duser.variant -javaagent:C:\Users\Admin\.gradle\wrapper\dists\gradle-8.8-bin\dl7vupf4psengwqhwktix4v1\gradle-8.8\lib\agents\gradle-instrumentation-agent-8.8.jar org.gradle.launcher.daemon.bootstrap.GradleDaemon 8.8

Host: 11th Gen Intel(R) Core(TM) i5-11400H @ 2.70GHz, 12 cores, 15G,  Windows 11 , 64 bit Build 26100 (10.0.26100.4202)
Time: Sat Jul 26 12:54:09 2025 Malay Peninsula Standard Time elapsed time: 148.829723 seconds (0d 0h 2m 28s)

---------------  T H R E A D  ---------------

Current thread (0x0000020a09fae760):  JavaThread "C2 CompilerThread1" daemon [_thread_in_native, id=24072, stack(0x000000b328e00000,0x000000b328f00000) (1024K)]


Current CompileTask:
C2:148829 29937       4       org.gradle.cache.internal.DefaultCacheCoordinator$UnitOfWorkFileAccess::writeFile (14 bytes)

Stack: [0x000000b328e00000,0x000000b328f00000]
Native frames: (J=compiled Java code, j=interpreted, Vv=VM code, C=native code)
V  [jvm.dll+0x6d0639]
V  [jvm.dll+0x85eb03]
V  [jvm.dll+0x86105e]
V  [jvm.dll+0x861743]
V  [jvm.dll+0x27e6e6]
V  [jvm.dll+0xbff6d]
V  [jvm.dll+0xc04a3]
V  [jvm.dll+0x3b61ab]
V  [jvm.dll+0x3820c7]
V  [jvm.dll+0x38153a]
V  [jvm.dll+0x247c82]
V  [jvm.dll+0x247251]
V  [jvm.dll+0x1c5f04]
V  [jvm.dll+0x2569ac]
V  [jvm.dll+0x254ef6]
V  [jvm.dll+0x3f0e96]
V  [jvm.dll+0x806ed8]
V  [jvm.dll+0x6cef0d]
C  [ucrtbase.dll+0x37b0]
C  [KERNEL32.DLL+0x2e8d7]
C  [ntdll.dll+0x3c34c]


---------------  P R O C E S S  ---------------

Threads class SMR info:
_java_thread_list=0x0000020a7d2361d0, length=204, elements={
0x0000020a52e99ff0, 0x0000020a7011c280, 0x0000020a7011db30, 0x0000020a700ffbb0,
0x0000020a70100600, 0x0000020a70101140, 0x0000020a70105520, 0x0000020a70108830,
0x0000020a7010a950, 0x0000020a702a1fc0, 0x0000020a70432860, 0x0000020a76102a60,
0x0000020a7644a700, 0x0000020a7643ba50, 0x0000020a763199b0, 0x0000020a765299c0,
0x0000020a76417750, 0x0000020a76417de0, 0x0000020a76418b00, 0x0000020a76418470,
0x0000020a76416a30, 0x0000020a76415d10, 0x0000020a76d7e010, 0x0000020a76d7f3c0,
0x0000020a76d7cc60, 0x0000020a76d7fa50, 0x0000020a76d7c5d0, 0x0000020a76d7e6a0,
0x0000020a76d7d2f0, 0x0000020a76d7ed30, 0x0000020a76d7d980, 0x0000020a76d687c0,
0x0000020a76d6c2d0, 0x0000020a76d6af20, 0x0000020a70720490, 0x0000020a7c2c0e40,
0x0000020a7c2c1b60, 0x0000020a7c2c3c30, 0x0000020a7c2c2f10, 0x0000020a7c2c42c0,
0x0000020a7c2c4950, 0x0000020a7c2c14d0, 0x0000020a7c2c2880, 0x0000020a7c2c21f0,
0x0000020a7c2c5d00, 0x0000020a7c2c9180, 0x0000020a7c2c8af0, 0x0000020a7c2c8460,
0x0000020a7c2c6390, 0x0000020a7c2c7740, 0x0000020a7c2c7dd0, 0x0000020a7c2c9810,
0x0000020a7c2ca530, 0x0000020a7c2c70b0, 0x0000020a7c2ce040, 0x0000020a7c2cabc0,
0x0000020a7c2cb250, 0x0000020a7c2cb8e0, 0x0000020a7c2cc600, 0x0000020a7c2cbf70,
0x0000020a7c2ccc90, 0x0000020a7c2d0110, 0x0000020a7c2cd320, 0x0000020a7c2cd9b0,
0x0000020a7c2ce6d0, 0x0000020a7c2ced60, 0x0000020a7f42d3a0, 0x0000020a7f42e0c0,
0x0000020a7f42bff0, 0x0000020a7f42da30, 0x0000020a7f42ac40, 0x0000020a7f42f470,
0x0000020a7f42e750, 0x0000020a7f42fb00, 0x0000020a7f42ede0, 0x0000020a7f4328f0,
0x0000020a7f431540, 0x0000020a7f431bd0, 0x0000020a7f433610, 0x0000020a7f430190,
0x0000020a7f432f80, 0x0000020a7f430eb0, 0x0000020a7f432260, 0x0000020a7f433ca0,
0x0000020a7f430820, 0x0000020a7f434330, 0x0000020a7f4356e0, 0x0000020a7f435d70,
0x0000020a7f4349c0, 0x0000020a7f437120, 0x0000020a7f4384d0, 0x0000020a7f435050,
0x0000020a7f4391f0, 0x0000020a7f439880, 0x0000020a7f436400, 0x0000020a77dddc90,
0x0000020a77dde9b0, 0x0000020a77ddf040, 0x0000020a77ddd600, 0x0000020a77ddbbc0,
0x0000020a77ddf6d0, 0x0000020a77ddc8e0, 0x0000020a77de03f0, 0x0000020a77de0a80,
0x0000020a77de1110, 0x0000020a77de17a0, 0x0000020a77de2b50, 0x0000020a77de31e0,
0x0000020a752abad0, 0x0000020a752ac7f0, 0x0000020a752ad510, 0x0000020a752ace80,
0x0000020a752ac160, 0x0000020a752aa090, 0x0000020a752adba0, 0x0000020a752aa720,
0x0000020a752aef50, 0x0000020a752b16b0, 0x0000020a752afc70, 0x0000020a752ae8c0,
0x0000020a752b0300, 0x0000020a752af5e0, 0x0000020a752ae230, 0x0000020a7a657af0,
0x0000020a7a658180, 0x0000020a7a656740, 0x0000020a7a658ea0, 0x0000020a7a656dd0,
0x0000020a7a659530, 0x0000020a7a657460, 0x0000020a7a6560b0, 0x0000020a7a65bc90,
0x0000020a7a65af70, 0x0000020a7a65c9b0, 0x0000020a7a65c320, 0x0000020a7a65a250,
0x0000020a7a65d040, 0x0000020a7a659bc0, 0x0000020a7a65a8e0, 0x0000020a754fd500,
0x0000020a75501010, 0x0000020a754ff5d0, 0x0000020a75502a50, 0x0000020a755023c0,
0x0000020a755030e0, 0x0000020a75501d30, 0x0000020a754ffc60, 0x0000020a75503770,
0x0000020a75500980, 0x0000020a75504490, 0x0000020a75504b20, 0x0000020a755016a0,
0x0000020a7071e3c0, 0x0000020a7071d6a0, 0x0000020a7071af40, 0x0000020a7071b5d0,
0x0000020a7071bc60, 0x0000020a7071c980, 0x0000020a7071f770, 0x0000020a7071c2f0,
0x0000020a70720b20, 0x0000020a707211b0, 0x0000020a7b864bf0, 0x0000020a7b864560,
0x0000020a7b862490, 0x0000020a7b861770, 0x0000020a7b868070, 0x0000020a7b867350,
0x0000020a7b865fa0, 0x0000020a76d68e50, 0x0000020a76d6bc40, 0x0000020a76d6a200,
0x0000020a76d6cff0, 0x0000020a76d69b70, 0x0000020a76d6d680, 0x0000020a76d6dd10,
0x0000020a76d6a890, 0x0000020a76d6b5b0, 0x0000020a7b8679e0, 0x0000020a7b865910,
0x0000020a77de1e30, 0x0000020a77de24c0, 0x0000020a752b0990, 0x0000020a7730a520,
0x0000020a77309800, 0x0000020a77309e90, 0x0000020a77307730, 0x0000020a77308ae0,
0x0000020a77309170, 0x0000020a773070a0, 0x0000020a7730b240, 0x0000020a77307dc0,
0x0000020a7730d9a0, 0x0000020a7ed955d0, 0x0000020a7ed94220, 0x0000020a7ed90da0,
0x0000020a7fa9cd50, 0x0000020a7fa9d3e0, 0x0000020a7fa99f60, 0x0000020a7fa9da70,
0x0000020a7fa9e790, 0x0000020a7fa9a5f0, 0x0000020a09fae760, 0x0000020a09faee30
}

Java Threads: ( => current thread )
  0x0000020a52e99ff0 JavaThread "main"                              [_thread_blocked, id=4936, stack(0x000000b327200000,0x000000b327300000) (1024K)]
  0x0000020a7011c280 JavaThread "Reference Handler"          daemon [_thread_blocked, id=25376, stack(0x000000b327a00000,0x000000b327b00000) (1024K)]
  0x0000020a7011db30 JavaThread "Finalizer"                  daemon [_thread_blocked, id=8696, stack(0x000000b327b00000,0x000000b327c00000) (1024K)]
  0x0000020a700ffbb0 JavaThread "Signal Dispatcher"          daemon [_thread_blocked, id=22088, stack(0x000000b327c00000,0x000000b327d00000) (1024K)]
  0x0000020a70100600 JavaThread "Attach Listener"            daemon [_thread_blocked, id=12352, stack(0x000000b327d00000,0x000000b327e00000) (1024K)]
  0x0000020a70101140 JavaThread "Service Thread"             daemon [_thread_blocked, id=5276, stack(0x000000b327e00000,0x000000b327f00000) (1024K)]
  0x0000020a70105520 JavaThread "Monitor Deflation Thread"   daemon [_thread_blocked, id=21472, stack(0x000000b327f00000,0x000000b328000000) (1024K)]
  0x0000020a70108830 JavaThread "C2 CompilerThread0"         daemon [_thread_in_native, id=24512, stack(0x000000b328000000,0x000000b328100000) (1024K)]
  0x0000020a7010a950 JavaThread "C1 CompilerThread0"         daemon [_thread_blocked, id=14576, stack(0x000000b328100000,0x000000b328200000) (1024K)]
  0x0000020a702a1fc0 JavaThread "Common-Cleaner"             daemon [_thread_blocked, id=5268, stack(0x000000b328200000,0x000000b328300000) (1024K)]
  0x0000020a70432860 JavaThread "Notification Thread"        daemon [_thread_blocked, id=7888, stack(0x000000b328300000,0x000000b328400000) (1024K)]
  0x0000020a76102a60 JavaThread "Daemon health stats"               [_thread_blocked, id=22920, stack(0x000000b328a00000,0x000000b328b00000) (1024K)]
  0x0000020a7644a700 JavaThread "Incoming local TCP Connector on port 63201"        [_thread_in_native, id=23404, stack(0x000000b328b00000,0x000000b328c00000) (1024K)]
  0x0000020a7643ba50 JavaThread "Daemon periodic checks"            [_thread_blocked, id=14756, stack(0x000000b328c00000,0x000000b328d00000) (1024K)]
  0x0000020a763199b0 JavaThread "Daemon"                            [_thread_blocked, id=14632, stack(0x000000b328d00000,0x000000b328e00000) (1024K)]
  0x0000020a765299c0 JavaThread "Daemon worker"                     [_thread_blocked, id=16432, stack(0x000000b329000000,0x000000b329100000) (1024K)]
  0x0000020a76417750 JavaThread "Cache worker for journal cache (C:\Users\Admin\.gradle\caches\journal-1)"        [_thread_blocked, id=22592, stack(0x000000b329a00000,0x000000b329b00000) (1024K)]
  0x0000020a76417de0 JavaThread "File lock request listener"        [_thread_in_native, id=5204, stack(0x000000b329b00000,0x000000b329c00000) (1024K)]
  0x0000020a76418b00 JavaThread "Cache worker for file hash cache (C:\Users\Admin\.gradle\caches\8.8\fileHashes)"        [_thread_blocked, id=23512, stack(0x000000b329c00000,0x000000b329d00000) (1024K)]
  0x0000020a76418470 JavaThread "File watcher server"        daemon [_thread_in_native, id=4796, stack(0x000000b329f00000,0x000000b32a000000) (1024K)]
  0x0000020a76416a30 JavaThread "File watcher consumer"      daemon [_thread_blocked, id=11892, stack(0x000000b32a000000,0x000000b32a100000) (1024K)]
  0x0000020a76415d10 JavaThread "jar transforms"                    [_thread_blocked, id=13240, stack(0x000000b32a100000,0x000000b32a200000) (1024K)]
  0x0000020a76d7e010 JavaThread "jar transforms Thread 2"           [_thread_blocked, id=17480, stack(0x000000b32a200000,0x000000b32a300000) (1024K)]
  0x0000020a76d7f3c0 JavaThread "jar transforms Thread 3"           [_thread_blocked, id=12472, stack(0x000000b32a300000,0x000000b32a400000) (1024K)]
  0x0000020a76d7cc60 JavaThread "jar transforms Thread 4"           [_thread_blocked, id=18752, stack(0x000000b32a400000,0x000000b32a500000) (1024K)]
  0x0000020a76d7fa50 JavaThread "jar transforms Thread 5"           [_thread_blocked, id=22996, stack(0x000000b32a500000,0x000000b32a600000) (1024K)]
  0x0000020a76d7c5d0 JavaThread "jar transforms Thread 6"           [_thread_blocked, id=24148, stack(0x000000b32a600000,0x000000b32a700000) (1024K)]
  0x0000020a76d7e6a0 JavaThread "jar transforms Thread 7"           [_thread_blocked, id=12840, stack(0x000000b32a700000,0x000000b32a800000) (1024K)]
  0x0000020a76d7d2f0 JavaThread "jar transforms Thread 8"           [_thread_blocked, id=8484, stack(0x000000b32a800000,0x000000b32a900000) (1024K)]
  0x0000020a76d7ed30 JavaThread "jar transforms Thread 9"           [_thread_blocked, id=15320, stack(0x000000b32a900000,0x000000b32aa00000) (1024K)]
  0x0000020a76d7d980 JavaThread "jar transforms Thread 10"          [_thread_blocked, id=1804, stack(0x000000b32aa00000,0x000000b32ab00000) (1024K)]
  0x0000020a76d687c0 JavaThread "jar transforms Thread 11"          [_thread_blocked, id=23408, stack(0x000000b32ab00000,0x000000b32ac00000) (1024K)]
  0x0000020a76d6c2d0 JavaThread "jar transforms Thread 12"          [_thread_blocked, id=5840, stack(0x000000b32ac00000,0x000000b32ad00000) (1024K)]
  0x0000020a76d6af20 JavaThread "Cache worker for file content cache (C:\Users\Admin\.gradle\caches\8.8\fileContent)"        [_thread_blocked, id=23680, stack(0x000000b32ae00000,0x000000b32af00000) (1024K)]
  0x0000020a70720490 JavaThread "Memory manager"                    [_thread_blocked, id=23328, stack(0x000000b328400000,0x000000b328500000) (1024K)]
  0x0000020a7c2c0e40 JavaThread "Handler for socket connection from /127.0.0.1:63201 to /127.0.0.1:63386"        [_thread_in_native, id=22608, stack(0x000000b326f00000,0x000000b327000000) (1024K)]
  0x0000020a7c2c1b60 JavaThread "Cancel handler"                    [_thread_blocked, id=11188, stack(0x000000b327000000,0x000000b327100000) (1024K)]
  0x0000020a7c2c3c30 JavaThread "Asynchronous log dispatcher for DefaultDaemonConnection: socket connection from /127.0.0.1:63201 to /127.0.0.1:63386"        [_thread_blocked, id=11876, stack(0x000000b327100000,0x000000b327200000) (1024K)]
  0x0000020a7c2c2f10 JavaThread "Stdin handler"                     [_thread_blocked, id=22568, stack(0x000000b329200000,0x000000b329300000) (1024K)]
  0x0000020a7c2c42c0 JavaThread "Daemon client event forwarder"        [_thread_blocked, id=3704, stack(0x000000b329700000,0x000000b329800000) (1024K)]
  0x0000020a7c2c4950 JavaThread "Cache worker for file hash cache (C:\Users\Admin\OneDrive\Desktop\Git\Collab\Final\O2-Ring-SEC\.gradle\8.8\fileHashes)"        [_thread_blocked, id=20024, stack(0x000000b329d00000,0x000000b329e00000) (1024K)]
  0x0000020a7c2c14d0 JavaThread "Cache worker for checksums cache (C:\Users\Admin\OneDrive\Desktop\Git\Collab\Final\O2-Ring-SEC\.gradle\8.8\checksums)"        [_thread_blocked, id=20260, stack(0x000000b329e00000,0x000000b329f00000) (1024K)]
  0x0000020a7c2c2880 JavaThread "Cache worker for cache directory md-rule (C:\Users\Admin\.gradle\caches\8.8\md-rule)"        [_thread_blocked, id=25080, stack(0x000000b32b000000,0x000000b32b100000) (1024K)]
  0x0000020a7c2c21f0 JavaThread "Cache worker for cache directory md-supplier (C:\Users\Admin\.gradle\caches\8.8\md-supplier)"        [_thread_blocked, id=16136, stack(0x000000b32b100000,0x000000b32b200000) (1024K)]
  0x0000020a7c2c5d00 JavaThread "Cache worker for Build Output Cleanup Cache (C:\Users\Admin\OneDrive\Desktop\Git\Collab\Final\O2-Ring-SEC\.gradle\buildOutputCleanup)"        [_thread_blocked, id=5620, stack(0x000000b32b200000,0x000000b32b300000) (1024K)]
  0x0000020a7c2c9180 JavaThread "Unconstrained build operations"        [_thread_blocked, id=17364, stack(0x000000b32b300000,0x000000b32b400000) (1024K)]
  0x0000020a7c2c8af0 JavaThread "Unconstrained build operations Thread 2"        [_thread_blocked, id=23116, stack(0x000000b32b400000,0x000000b32b500000) (1024K)]
  0x0000020a7c2c8460 JavaThread "Unconstrained build operations Thread 3"        [_thread_blocked, id=2404, stack(0x000000b32b500000,0x000000b32b600000) (1024K)]
  0x0000020a7c2c6390 JavaThread "Unconstrained build operations Thread 4"        [_thread_blocked, id=13308, stack(0x000000b32b600000,0x000000b32b700000) (1024K)]
  0x0000020a7c2c7740 JavaThread "Unconstrained build operations Thread 5"        [_thread_blocked, id=25060, stack(0x000000b32b700000,0x000000b32b800000) (1024K)]
  0x0000020a7c2c7dd0 JavaThread "Unconstrained build operations Thread 6"        [_thread_blocked, id=192, stack(0x000000b32b800000,0x000000b32b900000) (1024K)]
  0x0000020a7c2c9810 JavaThread "Unconstrained build operations Thread 7"        [_thread_blocked, id=24464, stack(0x000000b32b900000,0x000000b32ba00000) (1024K)]
  0x0000020a7c2ca530 JavaThread "Unconstrained build operations Thread 8"        [_thread_blocked, id=6096, stack(0x000000b32ba00000,0x000000b32bb00000) (1024K)]
  0x0000020a7c2c70b0 JavaThread "Unconstrained build operations Thread 9"        [_thread_blocked, id=3868, stack(0x000000b32bb00000,0x000000b32bc00000) (1024K)]
  0x0000020a7c2ce040 JavaThread "Unconstrained build operations Thread 10"        [_thread_blocked, id=23952, stack(0x000000b32bc00000,0x000000b32bd00000) (1024K)]
  0x0000020a7c2cabc0 JavaThread "Unconstrained build operations Thread 11"        [_thread_blocked, id=24496, stack(0x000000b32bd00000,0x000000b32be00000) (1024K)]
  0x0000020a7c2cb250 JavaThread "Unconstrained build operations Thread 12"        [_thread_blocked, id=24628, stack(0x000000b32be00000,0x000000b32bf00000) (1024K)]
  0x0000020a7c2cb8e0 JavaThread "Unconstrained build operations Thread 13"        [_thread_blocked, id=2072, stack(0x000000b32bf00000,0x000000b32c000000) (1024K)]
  0x0000020a7c2cc600 JavaThread "Unconstrained build operations Thread 14"        [_thread_blocked, id=22268, stack(0x000000b32c000000,0x000000b32c100000) (1024K)]
  0x0000020a7c2cbf70 JavaThread "Unconstrained build operations Thread 15"        [_thread_blocked, id=11560, stack(0x000000b32c100000,0x000000b32c200000) (1024K)]
  0x0000020a7c2ccc90 JavaThread "Unconstrained build operations Thread 16"        [_thread_blocked, id=23752, stack(0x000000b32c200000,0x000000b32c300000) (1024K)]
  0x0000020a7c2d0110 JavaThread "Unconstrained build operations Thread 17"        [_thread_blocked, id=3388, stack(0x000000b32c300000,0x000000b32c400000) (1024K)]
  0x0000020a7c2cd320 JavaThread "Unconstrained build operations Thread 18"        [_thread_blocked, id=21896, stack(0x000000b32c400000,0x000000b32c500000) (1024K)]
  0x0000020a7c2cd9b0 JavaThread "Unconstrained build operations Thread 19"        [_thread_blocked, id=6440, stack(0x000000b32c500000,0x000000b32c600000) (1024K)]
  0x0000020a7c2ce6d0 JavaThread "Unconstrained build operations Thread 20"        [_thread_blocked, id=2904, stack(0x000000b32c600000,0x000000b32c700000) (1024K)]
  0x0000020a7c2ced60 JavaThread "Unconstrained build operations Thread 21"        [_thread_blocked, id=2972, stack(0x000000b32c700000,0x000000b32c800000) (1024K)]
  0x0000020a7f42d3a0 JavaThread "Unconstrained build operations Thread 22"        [_thread_blocked, id=24884, stack(0x000000b32c800000,0x000000b32c900000) (1024K)]
  0x0000020a7f42e0c0 JavaThread "Unconstrained build operations Thread 23"        [_thread_blocked, id=25084, stack(0x000000b32c900000,0x000000b32ca00000) (1024K)]
  0x0000020a7f42bff0 JavaThread "Unconstrained build operations Thread 24"        [_thread_blocked, id=5928, stack(0x000000b32ca00000,0x000000b32cb00000) (1024K)]
  0x0000020a7f42da30 JavaThread "Unconstrained build operations Thread 25"        [_thread_blocked, id=8788, stack(0x000000b32cb00000,0x000000b32cc00000) (1024K)]
  0x0000020a7f42ac40 JavaThread "Unconstrained build operations Thread 26"        [_thread_blocked, id=3856, stack(0x000000b32cc00000,0x000000b32cd00000) (1024K)]
  0x0000020a7f42f470 JavaThread "Unconstrained build operations Thread 27"        [_thread_blocked, id=24568, stack(0x000000b32cd00000,0x000000b32ce00000) (1024K)]
  0x0000020a7f42e750 JavaThread "Unconstrained build operations Thread 28"        [_thread_blocked, id=13704, stack(0x000000b32ce00000,0x000000b32cf00000) (1024K)]
  0x0000020a7f42fb00 JavaThread "Unconstrained build operations Thread 29"        [_thread_blocked, id=14816, stack(0x000000b32cf00000,0x000000b32d000000) (1024K)]
  0x0000020a7f42ede0 JavaThread "Unconstrained build operations Thread 30"        [_thread_blocked, id=20712, stack(0x000000b32d000000,0x000000b32d100000) (1024K)]
  0x0000020a7f4328f0 JavaThread "Unconstrained build operations Thread 31"        [_thread_blocked, id=24908, stack(0x000000b32d100000,0x000000b32d200000) (1024K)]
  0x0000020a7f431540 JavaThread "Unconstrained build operations Thread 32"        [_thread_blocked, id=16164, stack(0x000000b32d200000,0x000000b32d300000) (1024K)]
  0x0000020a7f431bd0 JavaThread "Unconstrained build operations Thread 33"        [_thread_blocked, id=8136, stack(0x000000b32d300000,0x000000b32d400000) (1024K)]
  0x0000020a7f433610 JavaThread "Unconstrained build operations Thread 34"        [_thread_blocked, id=25560, stack(0x000000b32d400000,0x000000b32d500000) (1024K)]
  0x0000020a7f430190 JavaThread "Unconstrained build operations Thread 35"        [_thread_blocked, id=5424, stack(0x000000b32d500000,0x000000b32d600000) (1024K)]
  0x0000020a7f432f80 JavaThread "Unconstrained build operations Thread 36"        [_thread_blocked, id=2396, stack(0x000000b32d600000,0x000000b32d700000) (1024K)]
  0x0000020a7f430eb0 JavaThread "Unconstrained build operations Thread 37"        [_thread_blocked, id=25356, stack(0x000000b32d700000,0x000000b32d800000) (1024K)]
  0x0000020a7f432260 JavaThread "Unconstrained build operations Thread 38"        [_thread_blocked, id=16228, stack(0x000000b32d800000,0x000000b32d900000) (1024K)]
  0x0000020a7f433ca0 JavaThread "Unconstrained build operations Thread 39"        [_thread_blocked, id=25488, stack(0x000000b32d900000,0x000000b32da00000) (1024K)]
  0x0000020a7f430820 JavaThread "Unconstrained build operations Thread 40"        [_thread_blocked, id=10376, stack(0x000000b32da00000,0x000000b32db00000) (1024K)]
  0x0000020a7f434330 JavaThread "Unconstrained build operations Thread 41"        [_thread_blocked, id=3464, stack(0x000000b32db00000,0x000000b32dc00000) (1024K)]
  0x0000020a7f4356e0 JavaThread "Unconstrained build operations Thread 42"        [_thread_blocked, id=9488, stack(0x000000b32dc00000,0x000000b32dd00000) (1024K)]
  0x0000020a7f435d70 JavaThread "Unconstrained build operations Thread 43"        [_thread_blocked, id=7984, stack(0x000000b32dd00000,0x000000b32de00000) (1024K)]
  0x0000020a7f4349c0 JavaThread "Unconstrained build operations Thread 44"        [_thread_blocked, id=19884, stack(0x000000b32de00000,0x000000b32df00000) (1024K)]
  0x0000020a7f437120 JavaThread "Configuration cache report writer"        [_thread_blocked, id=13236, stack(0x000000b32df00000,0x000000b32e000000) (1024K)]
  0x0000020a7f4384d0 JavaThread "build event listener"              [_thread_blocked, id=14268, stack(0x000000b32e000000,0x000000b32e100000) (1024K)]
  0x0000020a7f435050 JavaThread "build event listener"              [_thread_blocked, id=6436, stack(0x000000b32e100000,0x000000b32e200000) (1024K)]
  0x0000020a7f4391f0 JavaThread "Unconstrained build operations Thread 45"        [_thread_blocked, id=25076, stack(0x000000b32e200000,0x000000b32e300000) (1024K)]
  0x0000020a7f439880 JavaThread "Unconstrained build operations Thread 46"        [_thread_blocked, id=12172, stack(0x000000b32e300000,0x000000b32e400000) (1024K)]
  0x0000020a7f436400 JavaThread "Unconstrained build operations Thread 47"        [_thread_blocked, id=6392, stack(0x000000b32e400000,0x000000b32e500000) (1024K)]
  0x0000020a77dddc90 JavaThread "Unconstrained build operations Thread 48"        [_thread_blocked, id=20504, stack(0x000000b32e500000,0x000000b32e600000) (1024K)]
  0x0000020a77dde9b0 JavaThread "Unconstrained build operations Thread 49"        [_thread_blocked, id=8344, stack(0x000000b32e600000,0x000000b32e700000) (1024K)]
  0x0000020a77ddf040 JavaThread "Unconstrained build operations Thread 50"        [_thread_blocked, id=14980, stack(0x000000b32e700000,0x000000b32e800000) (1024K)]
  0x0000020a77ddd600 JavaThread "Unconstrained build operations Thread 51"        [_thread_blocked, id=13332, stack(0x000000b32e800000,0x000000b32e900000) (1024K)]
  0x0000020a77ddbbc0 JavaThread "Unconstrained build operations Thread 52"        [_thread_blocked, id=24252, stack(0x000000b32ea00000,0x000000b32eb00000) (1024K)]
  0x0000020a77ddf6d0 JavaThread "Unconstrained build operations Thread 53"        [_thread_blocked, id=25180, stack(0x000000b32eb00000,0x000000b32ec00000) (1024K)]
  0x0000020a77ddc8e0 JavaThread "Unconstrained build operations Thread 54"        [_thread_blocked, id=19584, stack(0x000000b32ec00000,0x000000b32ed00000) (1024K)]
  0x0000020a77de03f0 JavaThread "Unconstrained build operations Thread 55"        [_thread_blocked, id=21712, stack(0x000000b32ed00000,0x000000b32ee00000) (1024K)]
  0x0000020a77de0a80 JavaThread "included builds"                   [_thread_blocked, id=12540, stack(0x000000b32ee00000,0x000000b32ef00000) (1024K)]
  0x0000020a77de1110 JavaThread "Execution worker"                  [_thread_blocked, id=14640, stack(0x000000b32ef00000,0x000000b32f000000) (1024K)]
  0x0000020a77de17a0 JavaThread "Execution worker Thread 2"         [_thread_blocked, id=24312, stack(0x000000b32f000000,0x000000b32f100000) (1024K)]
  0x0000020a77de2b50 JavaThread "Execution worker Thread 3"         [_thread_blocked, id=15188, stack(0x000000b32f100000,0x000000b32f200000) (1024K)]
  0x0000020a77de31e0 JavaThread "Execution worker Thread 4"         [_thread_blocked, id=2444, stack(0x000000b32f200000,0x000000b32f300000) (1024K)]
  0x0000020a752abad0 JavaThread "Execution worker Thread 5"         [_thread_blocked, id=9752, stack(0x000000b32f300000,0x000000b32f400000) (1024K)]
  0x0000020a752ac7f0 JavaThread "Execution worker Thread 6"         [_thread_blocked, id=5796, stack(0x000000b32f400000,0x000000b32f500000) (1024K)]
  0x0000020a752ad510 JavaThread "Execution worker Thread 7"         [_thread_blocked, id=23012, stack(0x000000b32f500000,0x000000b32f600000) (1024K)]
  0x0000020a752ace80 JavaThread "Execution worker Thread 8"         [_thread_blocked, id=18880, stack(0x000000b32f600000,0x000000b32f700000) (1024K)]
  0x0000020a752ac160 JavaThread "Execution worker Thread 9"         [_thread_blocked, id=24432, stack(0x000000b32f700000,0x000000b32f800000) (1024K)]
  0x0000020a752aa090 JavaThread "Execution worker Thread 10"        [_thread_blocked, id=5956, stack(0x000000b32f800000,0x000000b32f900000) (1024K)]
  0x0000020a752adba0 JavaThread "Execution worker Thread 11"        [_thread_in_Java, id=8512, stack(0x000000b32f900000,0x000000b32fa00000) (1024K)]
  0x0000020a752aa720 JavaThread "Cache worker for execution history cache (C:\Users\Admin\OneDrive\Desktop\Git\Collab\Final\O2-Ring-SEC\.gradle\8.8\executionHistory)"        [_thread_blocked, id=11760, stack(0x000000b32fa00000,0x000000b32fb00000) (1024K)]
  0x0000020a752aef50 JavaThread "Unconstrained build operations Thread 56"        [_thread_blocked, id=13560, stack(0x000000b32fb00000,0x000000b32fc00000) (1024K)]
  0x0000020a752b16b0 JavaThread "Unconstrained build operations Thread 57"        [_thread_blocked, id=13444, stack(0x000000b32fc00000,0x000000b32fd00000) (1024K)]
  0x0000020a752afc70 JavaThread "Unconstrained build operations Thread 58"        [_thread_blocked, id=24364, stack(0x000000b32fd00000,0x000000b32fe00000) (1024K)]
  0x0000020a752ae8c0 JavaThread "Unconstrained build operations Thread 59"        [_thread_blocked, id=14684, stack(0x000000b32fe00000,0x000000b32ff00000) (1024K)]
  0x0000020a752b0300 JavaThread "Unconstrained build operations Thread 60"        [_thread_blocked, id=2888, stack(0x000000b32ff00000,0x000000b330000000) (1024K)]
  0x0000020a752af5e0 JavaThread "Unconstrained build operations Thread 61"        [_thread_blocked, id=23272, stack(0x000000b330000000,0x000000b330100000) (1024K)]
  0x0000020a752ae230 JavaThread "Unconstrained build operations Thread 62"        [_thread_blocked, id=5788, stack(0x000000b330100000,0x000000b330200000) (1024K)]
  0x0000020a7a657af0 JavaThread "Unconstrained build operations Thread 63"        [_thread_blocked, id=23532, stack(0x000000b330200000,0x000000b330300000) (1024K)]
  0x0000020a7a658180 JavaThread "Unconstrained build operations Thread 65"        [_thread_blocked, id=5412, stack(0x000000b330300000,0x000000b330400000) (1024K)]
  0x0000020a7a656740 JavaThread "Unconstrained build operations Thread 66"        [_thread_blocked, id=17776, stack(0x000000b330400000,0x000000b330500000) (1024K)]
  0x0000020a7a658ea0 JavaThread "Unconstrained build operations Thread 67"        [_thread_blocked, id=19484, stack(0x000000b330500000,0x000000b330600000) (1024K)]
  0x0000020a7a656dd0 JavaThread "Unconstrained build operations Thread 68"        [_thread_blocked, id=10444, stack(0x000000b330600000,0x000000b330700000) (1024K)]
  0x0000020a7a659530 JavaThread "Unconstrained build operations Thread 69"        [_thread_blocked, id=16708, stack(0x000000b330700000,0x000000b330800000) (1024K)]
  0x0000020a7a657460 JavaThread "Unconstrained build operations Thread 64"        [_thread_blocked, id=11860, stack(0x000000b330800000,0x000000b330900000) (1024K)]
  0x0000020a7a6560b0 JavaThread "Unconstrained build operations Thread 70"        [_thread_blocked, id=8320, stack(0x000000b330900000,0x000000b330a00000) (1024K)]
  0x0000020a7a65bc90 JavaThread "Unconstrained build operations Thread 71"        [_thread_blocked, id=23984, stack(0x000000b330a00000,0x000000b330b00000) (1024K)]
  0x0000020a7a65af70 JavaThread "Unconstrained build operations Thread 72"        [_thread_blocked, id=1316, stack(0x000000b330b00000,0x000000b330c00000) (1024K)]
  0x0000020a7a65c9b0 JavaThread "Unconstrained build operations Thread 73"        [_thread_blocked, id=20000, stack(0x000000b330c00000,0x000000b330d00000) (1024K)]
  0x0000020a7a65c320 JavaThread "Unconstrained build operations Thread 75"        [_thread_blocked, id=8296, stack(0x000000b330d00000,0x000000b330e00000) (1024K)]
  0x0000020a7a65a250 JavaThread "Unconstrained build operations Thread 76"        [_thread_blocked, id=13352, stack(0x000000b330e00000,0x000000b330f00000) (1024K)]
  0x0000020a7a65d040 JavaThread "Unconstrained build operations Thread 77"        [_thread_blocked, id=15120, stack(0x000000b330f00000,0x000000b331000000) (1024K)]
  0x0000020a7a659bc0 JavaThread "Unconstrained build operations Thread 78"        [_thread_blocked, id=24752, stack(0x000000b331000000,0x000000b331100000) (1024K)]
  0x0000020a7a65a8e0 JavaThread "Unconstrained build operations Thread 80"        [_thread_blocked, id=10248, stack(0x000000b331100000,0x000000b331200000) (1024K)]
  0x0000020a754fd500 JavaThread "Unconstrained build operations Thread 79"        [_thread_blocked, id=25236, stack(0x000000b331200000,0x000000b331300000) (1024K)]
  0x0000020a75501010 JavaThread "Unconstrained build operations Thread 81"        [_thread_blocked, id=25064, stack(0x000000b331300000,0x000000b331400000) (1024K)]
  0x0000020a754ff5d0 JavaThread "Unconstrained build operations Thread 74"        [_thread_blocked, id=24996, stack(0x000000b331400000,0x000000b331500000) (1024K)]
  0x0000020a75502a50 JavaThread "Unconstrained build operations Thread 82"        [_thread_blocked, id=23668, stack(0x000000b331500000,0x000000b331600000) (1024K)]
  0x0000020a755023c0 JavaThread "Unconstrained build operations Thread 83"        [_thread_blocked, id=16676, stack(0x000000b331600000,0x000000b331700000) (1024K)]
  0x0000020a755030e0 JavaThread "Unconstrained build operations Thread 84"        [_thread_blocked, id=24912, stack(0x000000b331700000,0x000000b331800000) (1024K)]
  0x0000020a75501d30 JavaThread "Unconstrained build operations Thread 85"        [_thread_blocked, id=14692, stack(0x000000b331800000,0x000000b331900000) (1024K)]
  0x0000020a754ffc60 JavaThread "Unconstrained build operations Thread 86"        [_thread_blocked, id=404, stack(0x000000b331900000,0x000000b331a00000) (1024K)]
  0x0000020a75503770 JavaThread "Unconstrained build operations Thread 87"        [_thread_blocked, id=24460, stack(0x000000b331a00000,0x000000b331b00000) (1024K)]
  0x0000020a75500980 JavaThread "Unconstrained build operations Thread 88"        [_thread_blocked, id=1692, stack(0x000000b331b00000,0x000000b331c00000) (1024K)]
  0x0000020a75504490 JavaThread "WorkerExecutor Queue"              [_thread_blocked, id=3560, stack(0x000000b331c00000,0x000000b331d00000) (1024K)]
  0x0000020a75504b20 JavaThread "WorkerExecutor Queue Thread 2"        [_thread_blocked, id=3672, stack(0x000000b331d00000,0x000000b331e00000) (1024K)]
  0x0000020a755016a0 JavaThread "WorkerExecutor Queue Thread 3"        [_thread_blocked, id=16568, stack(0x000000b331e00000,0x000000b331f00000) (1024K)]
  0x0000020a7071e3c0 JavaThread "WorkerExecutor Queue Thread 5"        [_thread_blocked, id=24808, stack(0x000000b332000000,0x000000b332100000) (1024K)]
  0x0000020a7071d6a0 JavaThread "Unconstrained build operations Thread 89"        [_thread_blocked, id=8600, stack(0x000000b332100000,0x000000b332200000) (1024K)]
  0x0000020a7071af40 JavaThread "Unconstrained build operations Thread 90"        [_thread_blocked, id=8576, stack(0x000000b332200000,0x000000b332300000) (1024K)]
  0x0000020a7071b5d0 JavaThread "Unconstrained build operations Thread 91"        [_thread_blocked, id=10264, stack(0x000000b332300000,0x000000b332400000) (1024K)]
  0x0000020a7071bc60 JavaThread "Unconstrained build operations Thread 92"        [_thread_blocked, id=23664, stack(0x000000b332400000,0x000000b332500000) (1024K)]
  0x0000020a7071c980 JavaThread "Unconstrained build operations Thread 93"        [_thread_blocked, id=16616, stack(0x000000b332500000,0x000000b332600000) (1024K)]
  0x0000020a7071f770 JavaThread "Unconstrained build operations Thread 94"        [_thread_blocked, id=12596, stack(0x000000b332600000,0x000000b332700000) (1024K)]
  0x0000020a7071c2f0 JavaThread "Unconstrained build operations Thread 95"        [_thread_blocked, id=9900, stack(0x000000b332700000,0x000000b332800000) (1024K)]
  0x0000020a70720b20 JavaThread "Unconstrained build operations Thread 96"        [_thread_blocked, id=10108, stack(0x000000b332800000,0x000000b332900000) (1024K)]
  0x0000020a707211b0 JavaThread "Unconstrained build operations Thread 97"        [_thread_blocked, id=24888, stack(0x000000b332900000,0x000000b332a00000) (1024K)]
  0x0000020a7b864bf0 JavaThread "Unconstrained build operations Thread 98"        [_thread_blocked, id=8704, stack(0x000000b332a00000,0x000000b332b00000) (1024K)]
  0x0000020a7b864560 JavaThread "Unconstrained build operations Thread 99"        [_thread_blocked, id=19812, stack(0x000000b332b00000,0x000000b332c00000) (1024K)]
  0x0000020a7b862490 JavaThread "Unconstrained build operations Thread 100"        [_thread_blocked, id=22272, stack(0x000000b332c00000,0x000000b332d00000) (1024K)]
  0x0000020a7b861770 JavaThread "Unconstrained build operations Thread 101"        [_thread_blocked, id=23880, stack(0x000000b332d00000,0x000000b332e00000) (1024K)]
  0x0000020a7b868070 JavaThread "Unconstrained build operations Thread 102"        [_thread_blocked, id=24804, stack(0x000000b332e00000,0x000000b332f00000) (1024K)]
  0x0000020a7b867350 JavaThread "Unconstrained build operations Thread 103"        [_thread_blocked, id=25332, stack(0x000000b332f00000,0x000000b333000000) (1024K)]
  0x0000020a7b865fa0 JavaThread "Unconstrained build operations Thread 104"        [_thread_blocked, id=25504, stack(0x000000b333000000,0x000000b333100000) (1024K)]
  0x0000020a76d68e50 JavaThread "Unconstrained build operations Thread 105"        [_thread_blocked, id=23596, stack(0x000000b333100000,0x000000b333200000) (1024K)]
  0x0000020a76d6bc40 JavaThread "Unconstrained build operations Thread 106"        [_thread_blocked, id=9136, stack(0x000000b333200000,0x000000b333300000) (1024K)]
  0x0000020a76d6a200 JavaThread "Unconstrained build operations Thread 107"        [_thread_blocked, id=7252, stack(0x000000b333300000,0x000000b333400000) (1024K)]
  0x0000020a76d6cff0 JavaThread "Unconstrained build operations Thread 108"        [_thread_blocked, id=200, stack(0x000000b333400000,0x000000b333500000) (1024K)]
  0x0000020a76d69b70 JavaThread "Unconstrained build operations Thread 109"        [_thread_blocked, id=13132, stack(0x000000b333500000,0x000000b333600000) (1024K)]
  0x0000020a76d6d680 JavaThread "Unconstrained build operations Thread 110"        [_thread_blocked, id=21412, stack(0x000000b333600000,0x000000b333700000) (1024K)]
  0x0000020a76d6dd10 JavaThread "Unconstrained build operations Thread 111"        [_thread_blocked, id=12584, stack(0x000000b333700000,0x000000b333800000) (1024K)]
  0x0000020a76d6a890 JavaThread "Unconstrained build operations Thread 112"        [_thread_blocked, id=12636, stack(0x000000b333800000,0x000000b333900000) (1024K)]
  0x0000020a76d6b5b0 JavaThread "Unconstrained build operations Thread 113"        [_thread_blocked, id=17196, stack(0x000000b333900000,0x000000b333a00000) (1024K)]
  0x0000020a7b8679e0 JavaThread "Unconstrained build operations Thread 114"        [_thread_blocked, id=8836, stack(0x000000b333a00000,0x000000b333b00000) (1024K)]
  0x0000020a7b865910 JavaThread "Unconstrained build operations Thread 115"        [_thread_blocked, id=24764, stack(0x000000b333b00000,0x000000b333c00000) (1024K)]
  0x0000020a77de1e30 JavaThread "Unconstrained build operations Thread 116"        [_thread_blocked, id=24544, stack(0x000000b333c00000,0x000000b333d00000) (1024K)]
  0x0000020a77de24c0 JavaThread "Unconstrained build operations Thread 117"        [_thread_blocked, id=23620, stack(0x000000b333d00000,0x000000b333e00000) (1024K)]
  0x0000020a752b0990 JavaThread "Unconstrained build operations Thread 118"        [_thread_blocked, id=6092, stack(0x000000b333e00000,0x000000b333f00000) (1024K)]
  0x0000020a7730a520 JavaThread "Unconstrained build operations Thread 119"        [_thread_blocked, id=9980, stack(0x000000b333f00000,0x000000b334000000) (1024K)]
  0x0000020a77309800 JavaThread "Unconstrained build operations Thread 120"        [_thread_blocked, id=23344, stack(0x000000b334000000,0x000000b334100000) (1024K)]
  0x0000020a77309e90 JavaThread "WorkerExecutor Queue Thread 6"        [_thread_blocked, id=4088, stack(0x000000b334100000,0x000000b334200000) (1024K)]
  0x0000020a77307730 JavaThread "WorkerExecutor Queue Thread 7"        [_thread_blocked, id=20424, stack(0x000000b334200000,0x000000b334300000) (1024K)]
  0x0000020a77308ae0 JavaThread "WorkerExecutor Queue Thread 8"        [_thread_blocked, id=21644, stack(0x000000b334300000,0x000000b334400000) (1024K)]
  0x0000020a77309170 JavaThread "WorkerExecutor Queue Thread 9"        [_thread_blocked, id=6284, stack(0x000000b334400000,0x000000b334500000) (1024K)]
  0x0000020a773070a0 JavaThread "WorkerExecutor Queue Thread 10"        [_thread_blocked, id=16320, stack(0x000000b334500000,0x000000b334600000) (1024K)]
  0x0000020a7730b240 JavaThread "WorkerExecutor Queue Thread 11"        [_thread_blocked, id=8888, stack(0x000000b334600000,0x000000b334700000) (1024K)]
  0x0000020a77307dc0 JavaThread "WorkerExecutor Queue Thread 12"        [_thread_blocked, id=936, stack(0x000000b334800000,0x000000b334900000) (1024K)]
  0x0000020a7730d9a0 JavaThread "WorkerExecutor Queue Thread 13"        [_thread_blocked, id=24872, stack(0x000000b334900000,0x000000b334a00000) (1024K)]
  0x0000020a7ed955d0 JavaThread "pool-6-thread-1"                   [_thread_blocked, id=2408, stack(0x000000b329100000,0x000000b329200000) (1024K)]
  0x0000020a7ed94220 JavaThread "stderr"                            [_thread_in_native, id=6448, stack(0x000000b335500000,0x000000b335600000) (1024K)]
  0x0000020a7ed90da0 JavaThread "stdout"                            [_thread_in_native, id=25216, stack(0x000000b335600000,0x000000b335700000) (1024K)]
  0x0000020a7fa9cd50 JavaThread "RMI Scheduler(0)"           daemon [_thread_blocked, id=9000, stack(0x000000b32af00000,0x000000b32b000000) (1024K)]
  0x0000020a7fa9d3e0 JavaThread "RMI RenewClean-[127.0.0.1:17116,org.jetbrains.kotlin.daemon.common.LoopbackNetworkInterface$ClientLoopbackSocketFactory@5c15890b]" daemon [_thread_blocked, id=7344, stack(0x000000b331f00000,0x000000b332000000) (1024K)]
  0x0000020a7fa99f60 JavaThread "RMI GC Daemon"              daemon [_thread_blocked, id=24036, stack(0x000000b334a00000,0x000000b334b00000) (1024K)]
  0x0000020a7fa9da70 JavaThread "RMI TCP Accept-0"           daemon [_thread_in_native, id=712, stack(0x000000b334b00000,0x000000b334c00000) (1024K)]
  0x0000020a7fa9e790 JavaThread "RMI Reaper"                        [_thread_blocked, id=21536, stack(0x000000b334c00000,0x000000b334d00000) (1024K)]
  0x0000020a7fa9a5f0 JavaThread "RMI TCP Connection(2)-127.0.0.1" daemon [_thread_in_native, id=24976, stack(0x000000b334d00000,0x000000b334e00000) (1024K)]
=>0x0000020a09fae760 JavaThread "C2 CompilerThread1"         daemon [_thread_in_native, id=24072, stack(0x000000b328e00000,0x000000b328f00000) (1024K)]
  0x0000020a09faee30 JavaThread "C2 CompilerThread2"         daemon [_thread_in_native, id=4812, stack(0x000000b32ad00000,0x000000b32ae00000) (1024K)]
Total: 204

Other Threads:
  0x0000020a700b0060 VMThread "VM Thread"                           [id=22028, stack(0x000000b327900000,0x000000b327a00000) (1024K)]
  0x0000020a6f66cdf0 WatcherThread "VM Periodic Task Thread"        [id=4084, stack(0x000000b327800000,0x000000b327900000) (1024K)]
  0x0000020a55296e70 WorkerThread "GC Thread#0"                     [id=24612, stack(0x000000b327300000,0x000000b327400000) (1024K)]
  0x0000020a7090db40 WorkerThread "GC Thread#1"                     [id=4656, stack(0x000000b328500000,0x000000b328600000) (1024K)]
  0x0000020a70a95b80 WorkerThread "GC Thread#2"                     [id=2116, stack(0x000000b328600000,0x000000b328700000) (1024K)]
  0x0000020a70b4f0c0 WorkerThread "GC Thread#3"                     [id=1968, stack(0x000000b328700000,0x000000b328800000) (1024K)]
  0x0000020a70b4f870 WorkerThread "GC Thread#4"                     [id=22584, stack(0x000000b328800000,0x000000b328900000) (1024K)]
  0x0000020a750a4600 WorkerThread "GC Thread#5"                     [id=22060, stack(0x000000b328900000,0x000000b328a00000) (1024K)]
  0x0000020a7653c890 WorkerThread "GC Thread#6"                     [id=11940, stack(0x000000b329300000,0x000000b329400000) (1024K)]
  0x0000020a7653bdb0 WorkerThread "GC Thread#7"                     [id=23684, stack(0x000000b329400000,0x000000b329500000) (1024K)]
  0x0000020a7653ba10 WorkerThread "GC Thread#8"                     [id=3040, stack(0x000000b329500000,0x000000b329600000) (1024K)]
  0x0000020a7653c4f0 WorkerThread "GC Thread#9"                     [id=23096, stack(0x000000b329600000,0x000000b329700000) (1024K)]
  0x0000020a552a0e50 ConcurrentGCThread "G1 Main Marker"            [id=22440, stack(0x000000b327400000,0x000000b327500000) (1024K)]
  0x0000020a552a2790 WorkerThread "G1 Conc#0"                       [id=10448, stack(0x000000b327500000,0x000000b327600000) (1024K)]
  0x0000020a7653c150 WorkerThread "G1 Conc#1"                       [id=3636, stack(0x000000b329800000,0x000000b329900000) (1024K)]
  0x0000020a7653b670 WorkerThread "G1 Conc#2"                       [id=15316, stack(0x000000b329900000,0x000000b329a00000) (1024K)]
  0x0000020a552e6bd0 ConcurrentGCThread "G1 Refine#0"               [id=6008, stack(0x000000b327600000,0x000000b327700000) (1024K)]
  0x0000020a552e85f0 ConcurrentGCThread "G1 Service"                [id=24156, stack(0x000000b327700000,0x000000b327800000) (1024K)]
Total: 18

Threads with active compile tasks:
C2 CompilerThread0  148875 30099       4       org.gradle.internal.snapshot.impl.DirectorySnapshotter$PathVisitor::doPreVisitDirectory (182 bytes)
C2 CompilerThread1  148875 29937       4       org.gradle.cache.internal.DefaultCacheCoordinator$UnitOfWorkFileAccess::writeFile (14 bytes)
C2 CompilerThread2  148875 30119       4       org.objectweb.asm.ClassVisitor::visitField (24 bytes)
Total: 3

VM state: not at safepoint (normal execution)

VM Mutex/Monitor currently owned by a thread: None

Heap address: 0x00000006e0000000, size: 4608 MB, Compressed Oops mode: Zero based, Oop shift amount: 3

CDS archive(s) not mapped
Compressed class space mapped at: 0x0000000800000000-0x0000000840000000, reserved size: 1073741824
Narrow klass base: 0x0000000800000000, Narrow klass shift: 0, Narrow klass range: 0x40000000

GC Precious Log:
 CardTable entry size: 512
 Card Set container configuration: InlinePtr #cards 4 size 8 Array Of Cards #cards 32 size 80 Howl #buckets 8 coarsen threshold 7372 Howl Bitmap #cards 1024 size 144 coarsen threshold 921 Card regions per heap region 1 cards per card region 8192
 CPUs: 12 total, 12 available
 Memory: 16085M
 Large Page Support: Disabled
 NUMA Support: Disabled
 Compressed Oops: Enabled (Zero based)
 Heap Region Size: 4M
 Heap Min Capacity: 8M
 Heap Initial Capacity: 252M
 Heap Max Capacity: 4608M
 Pre-touch: Disabled
 Parallel Workers: 10
 Concurrent Workers: 3
 Concurrent Refinement Workers: 10
 Periodic GC: Disabled

Heap:
 garbage-first heap   total 1568768K, used 1098766K [0x00000006e0000000, 0x0000000800000000)
  region size 4096K, 86 young (352256K), 17 survivors (69632K)
 Metaspace       used 180853K, committed 183744K, reserved 1245184K
  class space    used 23825K, committed 25344K, reserved 1048576K

Heap Regions: E=young(eden), S=young(survivor), O=old, HS=humongous(starts), HC=humongous(continues), CS=collection set, F=free, TAMS=top-at-mark-start, PB=parsable bottom
|   0|0x00000006e0000000, 0x00000006e0400000, 0x00000006e0400000|100%|HS|  |TAMS 0x00000006e0000000| PB 0x00000006e0000000| Complete 
|   1|0x00000006e0400000, 0x00000006e0800000, 0x00000006e0800000|100%| O|  |TAMS 0x00000006e0400000| PB 0x00000006e0400000| Untracked 
|   2|0x00000006e0800000, 0x00000006e0c00000, 0x00000006e0c00000|100%| O|  |TAMS 0x00000006e0800000| PB 0x00000006e0800000| Untracked 
|   3|0x00000006e0c00000, 0x00000006e1000000, 0x00000006e1000000|100%|HS|  |TAMS 0x00000006e0c00000| PB 0x00000006e0c00000| Complete 
|   4|0x00000006e1000000, 0x00000006e1400000, 0x00000006e1400000|100%|HC|  |TAMS 0x00000006e1000000| PB 0x00000006e1000000| Complete 
|   5|0x00000006e1400000, 0x00000006e1800000, 0x00000006e1800000|100%|HS|  |TAMS 0x00000006e1400000| PB 0x00000006e1400000| Complete 
|   6|0x00000006e1800000, 0x00000006e1c00000, 0x00000006e1c00000|100%| O|  |TAMS 0x00000006e1800000| PB 0x00000006e1800000| Untracked 
|   7|0x00000006e1c00000, 0x00000006e2000000, 0x00000006e2000000|100%| O|  |TAMS 0x00000006e1c00000| PB 0x00000006e1c00000| Untracked 
|   8|0x00000006e2000000, 0x00000006e2400000, 0x00000006e2400000|100%|HS|  |TAMS 0x00000006e2000000| PB 0x00000006e2000000| Complete 
|   9|0x00000006e2400000, 0x00000006e2800000, 0x00000006e2800000|100%| O|  |TAMS 0x00000006e2400000| PB 0x00000006e2400000| Untracked 
|  10|0x00000006e2800000, 0x00000006e2c00000, 0x00000006e2c00000|100%|HS|  |TAMS 0x00000006e2800000| PB 0x00000006e2800000| Complete 
|  11|0x00000006e2c00000, 0x00000006e3000000, 0x00000006e3000000|100%|HC|  |TAMS 0x00000006e2c00000| PB 0x00000006e2c00000| Complete 
|  12|0x00000006e3000000, 0x00000006e3400000, 0x00000006e3400000|100%| O|  |TAMS 0x00000006e3000000| PB 0x00000006e3000000| Untracked 
|  13|0x00000006e3400000, 0x00000006e3800000, 0x00000006e3800000|100%| O|  |TAMS 0x00000006e3400000| PB 0x00000006e3400000| Untracked 
|  14|0x00000006e3800000, 0x00000006e3c00000, 0x00000006e3c00000|100%|HS|  |TAMS 0x00000006e3800000| PB 0x00000006e3800000| Complete 
|  15|0x00000006e3c00000, 0x00000006e4000000, 0x00000006e4000000|100%| O|  |TAMS 0x00000006e3c00000| PB 0x00000006e3c00000| Untracked 
|  16|0x00000006e4000000, 0x00000006e4400000, 0x00000006e4400000|100%| O|  |TAMS 0x00000006e4000000| PB 0x00000006e4000000| Untracked 
|  17|0x00000006e4400000, 0x00000006e4800000, 0x00000006e4800000|100%| O|  |TAMS 0x00000006e4400000| PB 0x00000006e4400000| Untracked 
|  18|0x00000006e4800000, 0x00000006e4c00000, 0x00000006e4c00000|100%| O|  |TAMS 0x00000006e4800000| PB 0x00000006e4800000| Untracked 
|  19|0x00000006e4c00000, 0x00000006e5000000, 0x00000006e5000000|100%|HS|  |TAMS 0x00000006e4c00000| PB 0x00000006e4c00000| Complete 
|  20|0x00000006e5000000, 0x00000006e5400000, 0x00000006e5400000|100%|HC|  |TAMS 0x00000006e5000000| PB 0x00000006e5000000| Complete 
|  21|0x00000006e5400000, 0x00000006e5800000, 0x00000006e5800000|100%|HS|  |TAMS 0x00000006e5400000| PB 0x00000006e5400000| Complete 
|  22|0x00000006e5800000, 0x00000006e5c00000, 0x00000006e5c00000|100%|HC|  |TAMS 0x00000006e5800000| PB 0x00000006e5800000| Complete 
|  23|0x00000006e5c00000, 0x00000006e6000000, 0x00000006e6000000|100%| O|  |TAMS 0x00000006e5c00000| PB 0x00000006e5c00000| Untracked 
|  24|0x00000006e6000000, 0x00000006e6400000, 0x00000006e6400000|100%| O|  |TAMS 0x00000006e6000000| PB 0x00000006e6000000| Untracked 
|  25|0x00000006e6400000, 0x00000006e6800000, 0x00000006e6800000|100%|HS|  |TAMS 0x00000006e6400000| PB 0x00000006e6400000| Complete 
|  26|0x00000006e6800000, 0x00000006e6c00000, 0x00000006e6c00000|100%| O|  |TAMS 0x00000006e6800000| PB 0x00000006e6800000| Untracked 
|  27|0x00000006e6c00000, 0x00000006e7000000, 0x00000006e7000000|100%| O|  |TAMS 0x00000006e6c00000| PB 0x00000006e6c00000| Untracked 
|  28|0x00000006e7000000, 0x00000006e7400000, 0x00000006e7400000|100%| O|  |TAMS 0x00000006e7000000| PB 0x00000006e7000000| Untracked 
|  29|0x00000006e7400000, 0x00000006e7800000, 0x00000006e7800000|100%| O|  |TAMS 0x00000006e7400000| PB 0x00000006e7400000| Untracked 
|  30|0x00000006e7800000, 0x00000006e7c00000, 0x00000006e7c00000|100%| O|  |TAMS 0x00000006e7800000| PB 0x00000006e7800000| Untracked 
|  31|0x00000006e7c00000, 0x00000006e8000000, 0x00000006e8000000|100%| O|  |TAMS 0x00000006e7c00000| PB 0x00000006e7c00000| Untracked 
|  32|0x00000006e8000000, 0x00000006e8400000, 0x00000006e8400000|100%| O|  |TAMS 0x00000006e8000000| PB 0x00000006e8000000| Untracked 
|  33|0x00000006e8400000, 0x00000006e8800000, 0x00000006e8800000|100%| O|  |TAMS 0x00000006e8400000| PB 0x00000006e8400000| Untracked 
|  34|0x00000006e8800000, 0x00000006e8c00000, 0x00000006e8c00000|100%| O|  |TAMS 0x00000006e8800000| PB 0x00000006e8800000| Untracked 
|  35|0x00000006e8c00000, 0x00000006e9000000, 0x00000006e9000000|100%| O|  |TAMS 0x00000006e8c00000| PB 0x00000006e8c00000| Untracked 
|  36|0x00000006e9000000, 0x00000006e9400000, 0x00000006e9400000|100%| O|  |TAMS 0x00000006e9000000| PB 0x00000006e9000000| Untracked 
|  37|0x00000006e9400000, 0x00000006e9800000, 0x00000006e9800000|100%| O|Cm|TAMS 0x00000006e9400000| PB 0x00000006e9400000| Complete 
|  38|0x00000006e9800000, 0x00000006e9c00000, 0x00000006e9c00000|100%| O|  |TAMS 0x00000006e9800000| PB 0x00000006e9800000| Untracked 
|  39|0x00000006e9c00000, 0x00000006ea000000, 0x00000006ea000000|100%| O|  |TAMS 0x00000006e9c00000| PB 0x00000006e9c00000| Untracked 
|  40|0x00000006ea000000, 0x00000006ea400000, 0x00000006ea400000|100%| O|  |TAMS 0x00000006ea000000| PB 0x00000006ea000000| Untracked 
|  41|0x00000006ea400000, 0x00000006ea800000, 0x00000006ea800000|100%| O|  |TAMS 0x00000006ea400000| PB 0x00000006ea400000| Untracked 
|  42|0x00000006ea800000, 0x00000006eac00000, 0x00000006eac00000|100%| O|  |TAMS 0x00000006ea800000| PB 0x00000006ea800000| Untracked 
|  43|0x00000006eac00000, 0x00000006eb000000, 0x00000006eb000000|100%| O|  |TAMS 0x00000006eac00000| PB 0x00000006eac00000| Untracked 
|  44|0x00000006eb000000, 0x00000006eb400000, 0x00000006eb400000|100%| O|  |TAMS 0x00000006eb000000| PB 0x00000006eb000000| Untracked 
|  45|0x00000006eb400000, 0x00000006eb800000, 0x00000006eb800000|100%|HS|  |TAMS 0x00000006eb400000| PB 0x00000006eb400000| Complete 
|  46|0x00000006eb800000, 0x00000006ebc00000, 0x00000006ebc00000|100%| O|  |TAMS 0x00000006eb800000| PB 0x00000006eb800000| Untracked 
|  47|0x00000006ebc00000, 0x00000006ec000000, 0x00000006ec000000|100%|HS|  |TAMS 0x00000006ebc00000| PB 0x00000006ebc00000| Complete 
|  48|0x00000006ec000000, 0x00000006ec400000, 0x00000006ec400000|100%| O|  |TAMS 0x00000006ec000000| PB 0x00000006ec000000| Untracked 
|  49|0x00000006ec400000, 0x00000006ec800000, 0x00000006ec800000|100%| O|  |TAMS 0x00000006ec400000| PB 0x00000006ec400000| Untracked 
|  50|0x00000006ec800000, 0x00000006ecc00000, 0x00000006ecc00000|100%| O|  |TAMS 0x00000006ec800000| PB 0x00000006ec800000| Untracked 
|  51|0x00000006ecc00000, 0x00000006ed000000, 0x00000006ed000000|100%| O|  |TAMS 0x00000006ecc00000| PB 0x00000006ecc00000| Untracked 
|  52|0x00000006ed000000, 0x00000006ed400000, 0x00000006ed400000|100%| O|  |TAMS 0x00000006ed000000| PB 0x00000006ed000000| Untracked 
|  53|0x00000006ed400000, 0x00000006ed800000, 0x00000006ed800000|100%| O|  |TAMS 0x00000006ed400000| PB 0x00000006ed400000| Untracked 
|  54|0x00000006ed800000, 0x00000006edc00000, 0x00000006edc00000|100%| O|  |TAMS 0x00000006ed800000| PB 0x00000006ed800000| Untracked 
|  55|0x00000006edc00000, 0x00000006ee000000, 0x00000006ee000000|100%| O|  |TAMS 0x00000006edc00000| PB 0x00000006edc00000| Untracked 
|  56|0x00000006ee000000, 0x00000006ee400000, 0x00000006ee400000|100%| O|  |TAMS 0x00000006ee000000| PB 0x00000006ee000000| Untracked 
|  57|0x00000006ee400000, 0x00000006ee800000, 0x00000006ee800000|100%| O|  |TAMS 0x00000006ee400000| PB 0x00000006ee400000| Untracked 
|  58|0x00000006ee800000, 0x00000006ee800000, 0x00000006eec00000|  0%| F|  |TAMS 0x00000006ee800000| PB 0x00000006ee800000| Untracked 
|  59|0x00000006eec00000, 0x00000006ef000000, 0x00000006ef000000|100%| O|  |TAMS 0x00000006eec00000| PB 0x00000006eec00000| Untracked 
|  60|0x00000006ef000000, 0x00000006ef000000, 0x00000006ef400000|  0%| F|  |TAMS 0x00000006ef000000| PB 0x00000006ef000000| Untracked 
|  61|0x00000006ef400000, 0x00000006ef800000, 0x00000006ef800000|100%| O|  |TAMS 0x00000006ef400000| PB 0x00000006ef400000| Untracked 
|  62|0x00000006ef800000, 0x00000006ef800000, 0x00000006efc00000|  0%| F|  |TAMS 0x00000006ef800000| PB 0x00000006ef800000| Untracked 
|  63|0x00000006efc00000, 0x00000006f0000000, 0x00000006f0000000|100%|HS|  |TAMS 0x00000006efc00000| PB 0x00000006efc00000| Complete 
|  64|0x00000006f0000000, 0x00000006f0400000, 0x00000006f0400000|100%|HS|  |TAMS 0x00000006f0000000| PB 0x00000006f0000000| Complete 
|  65|0x00000006f0400000, 0x00000006f0800000, 0x00000006f0800000|100%| O|  |TAMS 0x00000006f0400000| PB 0x00000006f0400000| Untracked 
|  66|0x00000006f0800000, 0x00000006f0800000, 0x00000006f0c00000|  0%| F|  |TAMS 0x00000006f0800000| PB 0x00000006f0800000| Untracked 
|  67|0x00000006f0c00000, 0x00000006f1000000, 0x00000006f1000000|100%| O|  |TAMS 0x00000006f0c00000| PB 0x00000006f0c00000| Untracked 
|  68|0x00000006f1000000, 0x00000006f1400000, 0x00000006f1400000|100%| O|  |TAMS 0x00000006f1000000| PB 0x00000006f1000000| Untracked 
|  69|0x00000006f1400000, 0x00000006f1800000, 0x00000006f1800000|100%| O|  |TAMS 0x00000006f1400000| PB 0x00000006f1400000| Untracked 
|  70|0x00000006f1800000, 0x00000006f1c00000, 0x00000006f1c00000|100%| O|  |TAMS 0x00000006f1800000| PB 0x00000006f1800000| Untracked 
|  71|0x00000006f1c00000, 0x00000006f2000000, 0x00000006f2000000|100%| O|  |TAMS 0x00000006f1c00000| PB 0x00000006f1c00000| Untracked 
|  72|0x00000006f2000000, 0x00000006f2400000, 0x00000006f2400000|100%| O|  |TAMS 0x00000006f2000000| PB 0x00000006f2000000| Untracked 
|  73|0x00000006f2400000, 0x00000006f2800000, 0x00000006f2800000|100%| O|  |TAMS 0x00000006f2400000| PB 0x00000006f2400000| Untracked 
|  74|0x00000006f2800000, 0x00000006f2c00000, 0x00000006f2c00000|100%|HS|  |TAMS 0x00000006f2800000| PB 0x00000006f2800000| Complete 
|  75|0x00000006f2c00000, 0x00000006f3000000, 0x00000006f3000000|100%| O|  |TAMS 0x00000006f2c00000| PB 0x00000006f2c00000| Untracked 
|  76|0x00000006f3000000, 0x00000006f3400000, 0x00000006f3400000|100%| O|  |TAMS 0x00000006f3000000| PB 0x00000006f3000000| Untracked 
|  77|0x00000006f3400000, 0x00000006f3800000, 0x00000006f3800000|100%| O|Cm|TAMS 0x00000006f3400000| PB 0x00000006f3400000| Complete 
|  78|0x00000006f3800000, 0x00000006f3c00000, 0x00000006f3c00000|100%| O|  |TAMS 0x00000006f3800000| PB 0x00000006f3800000| Untracked 
|  79|0x00000006f3c00000, 0x00000006f4000000, 0x00000006f4000000|100%| O|  |TAMS 0x00000006f3c00000| PB 0x00000006f3c00000| Untracked 
|  80|0x00000006f4000000, 0x00000006f4400000, 0x00000006f4400000|100%| O|  |TAMS 0x00000006f4000000| PB 0x00000006f4000000| Untracked 
|  81|0x00000006f4400000, 0x00000006f4800000, 0x00000006f4800000|100%| O|  |TAMS 0x00000006f4400000| PB 0x00000006f4400000| Untracked 
|  82|0x00000006f4800000, 0x00000006f4c00000, 0x00000006f4c00000|100%| O|  |TAMS 0x00000006f4800000| PB 0x00000006f4800000| Untracked 
|  83|0x00000006f4c00000, 0x00000006f5000000, 0x00000006f5000000|100%| O|  |TAMS 0x00000006f4c00000| PB 0x00000006f4c00000| Untracked 
|  84|0x00000006f5000000, 0x00000006f5400000, 0x00000006f5400000|100%| O|  |TAMS 0x00000006f5000000| PB 0x00000006f5000000| Untracked 
|  85|0x00000006f5400000, 0x00000006f5800000, 0x00000006f5800000|100%| O|  |TAMS 0x00000006f5400000| PB 0x00000006f5400000| Untracked 
|  86|0x00000006f5800000, 0x00000006f5c00000, 0x00000006f5c00000|100%| O|  |TAMS 0x00000006f5800000| PB 0x00000006f5800000| Untracked 
|  87|0x00000006f5c00000, 0x00000006f6000000, 0x00000006f6000000|100%| O|  |TAMS 0x00000006f5c00000| PB 0x00000006f5c00000| Untracked 
|  88|0x00000006f6000000, 0x00000006f6400000, 0x00000006f6400000|100%| O|  |TAMS 0x00000006f6000000| PB 0x00000006f6000000| Untracked 
|  89|0x00000006f6400000, 0x00000006f6800000, 0x00000006f6800000|100%| O|  |TAMS 0x00000006f6400000| PB 0x00000006f6400000| Untracked 
|  90|0x00000006f6800000, 0x00000006f6c00000, 0x00000006f6c00000|100%| O|  |TAMS 0x00000006f6800000| PB 0x00000006f6800000| Untracked 
|  91|0x00000006f6c00000, 0x00000006f7000000, 0x00000006f7000000|100%| O|  |TAMS 0x00000006f6c00000| PB 0x00000006f6c00000| Untracked 
|  92|0x00000006f7000000, 0x00000006f7400000, 0x00000006f7400000|100%| O|  |TAMS 0x00000006f7000000| PB 0x00000006f7000000| Untracked 
|  93|0x00000006f7400000, 0x00000006f7800000, 0x00000006f7800000|100%| O|  |TAMS 0x00000006f7400000| PB 0x00000006f7400000| Untracked 
|  94|0x00000006f7800000, 0x00000006f7c00000, 0x00000006f7c00000|100%| O|  |TAMS 0x00000006f7800000| PB 0x00000006f7800000| Untracked 
|  95|0x00000006f7c00000, 0x00000006f8000000, 0x00000006f8000000|100%| O|  |TAMS 0x00000006f7c00000| PB 0x00000006f7c00000| Untracked 
|  96|0x00000006f8000000, 0x00000006f8400000, 0x00000006f8400000|100%| O|  |TAMS 0x00000006f8000000| PB 0x00000006f8000000| Untracked 
|  97|0x00000006f8400000, 0x00000006f8800000, 0x00000006f8800000|100%| O|  |TAMS 0x00000006f8400000| PB 0x00000006f8400000| Untracked 
|  98|0x00000006f8800000, 0x00000006f8c00000, 0x00000006f8c00000|100%| O|  |TAMS 0x00000006f8800000| PB 0x00000006f8800000| Untracked 
|  99|0x00000006f8c00000, 0x00000006f9000000, 0x00000006f9000000|100%| O|  |TAMS 0x00000006f8c00000| PB 0x00000006f8c00000| Untracked 
| 100|0x00000006f9000000, 0x00000006f9400000, 0x00000006f9400000|100%| O|  |TAMS 0x00000006f9000000| PB 0x00000006f9000000| Untracked 
| 101|0x00000006f9400000, 0x00000006f9800000, 0x00000006f9800000|100%| O|  |TAMS 0x00000006f9400000| PB 0x00000006f9400000| Untracked 
| 102|0x00000006f9800000, 0x00000006f9c00000, 0x00000006f9c00000|100%| O|  |TAMS 0x00000006f9800000| PB 0x00000006f9800000| Untracked 
| 103|0x00000006f9c00000, 0x00000006fa000000, 0x00000006fa000000|100%| O|  |TAMS 0x00000006f9c00000| PB 0x00000006f9c00000| Untracked 
| 104|0x00000006fa000000, 0x00000006fa400000, 0x00000006fa400000|100%| O|  |TAMS 0x00000006fa000000| PB 0x00000006fa000000| Untracked 
| 105|0x00000006fa400000, 0x00000006fa800000, 0x00000006fa800000|100%| O|  |TAMS 0x00000006fa400000| PB 0x00000006fa400000| Untracked 
| 106|0x00000006fa800000, 0x00000006fac00000, 0x00000006fac00000|100%| O|  |TAMS 0x00000006fa800000| PB 0x00000006fa800000| Untracked 
| 107|0x00000006fac00000, 0x00000006fb000000, 0x00000006fb000000|100%| O|  |TAMS 0x00000006fac00000| PB 0x00000006fac00000| Untracked 
| 108|0x00000006fb000000, 0x00000006fb400000, 0x00000006fb400000|100%| O|  |TAMS 0x00000006fb000000| PB 0x00000006fb000000| Untracked 
| 109|0x00000006fb400000, 0x00000006fb800000, 0x00000006fb800000|100%| O|  |TAMS 0x00000006fb400000| PB 0x00000006fb400000| Untracked 
| 110|0x00000006fb800000, 0x00000006fbc00000, 0x00000006fbc00000|100%| O|  |TAMS 0x00000006fb800000| PB 0x00000006fb800000| Untracked 
| 111|0x00000006fbc00000, 0x00000006fc000000, 0x00000006fc000000|100%| O|  |TAMS 0x00000006fbc00000| PB 0x00000006fbc00000| Untracked 
| 112|0x00000006fc000000, 0x00000006fc400000, 0x00000006fc400000|100%| O|  |TAMS 0x00000006fc000000| PB 0x00000006fc000000| Untracked 
| 113|0x00000006fc400000, 0x00000006fc800000, 0x00000006fc800000|100%| O|  |TAMS 0x00000006fc400000| PB 0x00000006fc400000| Untracked 
| 114|0x00000006fc800000, 0x00000006fcc00000, 0x00000006fcc00000|100%| O|  |TAMS 0x00000006fc800000| PB 0x00000006fc800000| Untracked 
| 115|0x00000006fcc00000, 0x00000006fd000000, 0x00000006fd000000|100%| O|  |TAMS 0x00000006fcc00000| PB 0x00000006fcc00000| Untracked 
| 116|0x00000006fd000000, 0x00000006fd400000, 0x00000006fd400000|100%| O|  |TAMS 0x00000006fd000000| PB 0x00000006fd000000| Untracked 
| 117|0x00000006fd400000, 0x00000006fd800000, 0x00000006fd800000|100%| O|  |TAMS 0x00000006fd400000| PB 0x00000006fd400000| Untracked 
| 118|0x00000006fd800000, 0x00000006fdc00000, 0x00000006fdc00000|100%| O|  |TAMS 0x00000006fd800000| PB 0x00000006fd800000| Untracked 
| 119|0x00000006fdc00000, 0x00000006fe000000, 0x00000006fe000000|100%| O|  |TAMS 0x00000006fdc00000| PB 0x00000006fdc00000| Untracked 
| 120|0x00000006fe000000, 0x00000006fe400000, 0x00000006fe400000|100%| O|  |TAMS 0x00000006fe000000| PB 0x00000006fe000000| Untracked 
| 121|0x00000006fe400000, 0x00000006fe800000, 0x00000006fe800000|100%| O|  |TAMS 0x00000006fe400000| PB 0x00000006fe400000| Untracked 
| 122|0x00000006fe800000, 0x00000006fec00000, 0x00000006fec00000|100%| O|Cm|TAMS 0x00000006fe800000| PB 0x00000006fe800000| Complete 
| 123|0x00000006fec00000, 0x00000006ff000000, 0x00000006ff000000|100%| O|Cm|TAMS 0x00000006fec00000| PB 0x00000006fec00000| Complete 
| 124|0x00000006ff000000, 0x00000006ff400000, 0x00000006ff400000|100%| O|  |TAMS 0x00000006ff000000| PB 0x00000006ff000000| Untracked 
| 125|0x00000006ff400000, 0x00000006ff800000, 0x00000006ff800000|100%| O|  |TAMS 0x00000006ff400000| PB 0x00000006ff400000| Untracked 
| 126|0x00000006ff800000, 0x00000006ffc00000, 0x00000006ffc00000|100%| O|  |TAMS 0x00000006ff800000| PB 0x00000006ff800000| Untracked 
| 127|0x00000006ffc00000, 0x0000000700000000, 0x0000000700000000|100%| O|  |TAMS 0x00000006ffc00000| PB 0x00000006ffc00000| Untracked 
| 128|0x0000000700000000, 0x0000000700400000, 0x0000000700400000|100%| O|Cm|TAMS 0x0000000700000000| PB 0x0000000700000000| Complete 
| 129|0x0000000700400000, 0x0000000700800000, 0x0000000700800000|100%| O|  |TAMS 0x0000000700400000| PB 0x0000000700400000| Untracked 
| 130|0x0000000700800000, 0x0000000700c00000, 0x0000000700c00000|100%| O|  |TAMS 0x0000000700800000| PB 0x0000000700800000| Untracked 
| 131|0x0000000700c00000, 0x0000000701000000, 0x0000000701000000|100%| O|  |TAMS 0x0000000700c00000| PB 0x0000000700c00000| Untracked 
| 132|0x0000000701000000, 0x0000000701400000, 0x0000000701400000|100%| O|  |TAMS 0x0000000701000000| PB 0x0000000701000000| Untracked 
| 133|0x0000000701400000, 0x0000000701800000, 0x0000000701800000|100%| O|  |TAMS 0x0000000701400000| PB 0x0000000701400000| Untracked 
| 134|0x0000000701800000, 0x0000000701c00000, 0x0000000701c00000|100%| O|  |TAMS 0x0000000701800000| PB 0x0000000701800000| Untracked 
| 135|0x0000000701c00000, 0x0000000702000000, 0x0000000702000000|100%| O|  |TAMS 0x0000000701c00000| PB 0x0000000701c00000| Untracked 
| 136|0x0000000702000000, 0x0000000702400000, 0x0000000702400000|100%| O|  |TAMS 0x0000000702000000| PB 0x0000000702000000| Untracked 
| 137|0x0000000702400000, 0x0000000702800000, 0x0000000702800000|100%| O|  |TAMS 0x0000000702400000| PB 0x0000000702400000| Untracked 
| 138|0x0000000702800000, 0x0000000702c00000, 0x0000000702c00000|100%| O|  |TAMS 0x0000000702800000| PB 0x0000000702800000| Untracked 
| 139|0x0000000702c00000, 0x0000000703000000, 0x0000000703000000|100%| O|  |TAMS 0x0000000702c00000| PB 0x0000000702c00000| Untracked 
| 140|0x0000000703000000, 0x0000000703400000, 0x0000000703400000|100%| O|  |TAMS 0x0000000703000000| PB 0x0000000703000000| Untracked 
| 141|0x0000000703400000, 0x0000000703800000, 0x0000000703800000|100%| O|  |TAMS 0x0000000703400000| PB 0x0000000703400000| Untracked 
| 142|0x0000000703800000, 0x0000000703c00000, 0x0000000703c00000|100%|HS|  |TAMS 0x0000000703800000| PB 0x0000000703800000| Complete 
| 143|0x0000000703c00000, 0x0000000704000000, 0x0000000704000000|100%|HC|  |TAMS 0x0000000703c00000| PB 0x0000000703c00000| Complete 
| 144|0x0000000704000000, 0x0000000704400000, 0x0000000704400000|100%|HC|  |TAMS 0x0000000704000000| PB 0x0000000704000000| Complete 
| 145|0x0000000704400000, 0x0000000704800000, 0x0000000704800000|100%|HS|  |TAMS 0x0000000704400000| PB 0x0000000704400000| Complete 
| 146|0x0000000704800000, 0x0000000704c00000, 0x0000000704c00000|100%|HC|  |TAMS 0x0000000704800000| PB 0x0000000704800000| Complete 
| 147|0x0000000704c00000, 0x0000000705000000, 0x0000000705000000|100%|HC|  |TAMS 0x0000000704c00000| PB 0x0000000704c00000| Complete 
| 148|0x0000000705000000, 0x0000000705400000, 0x0000000705400000|100%|HS|  |TAMS 0x0000000705000000| PB 0x0000000705000000| Complete 
| 149|0x0000000705400000, 0x0000000705800000, 0x0000000705800000|100%|HC|  |TAMS 0x0000000705400000| PB 0x0000000705400000| Complete 
| 150|0x0000000705800000, 0x0000000705c00000, 0x0000000705c00000|100%|HC|  |TAMS 0x0000000705800000| PB 0x0000000705800000| Complete 
| 151|0x0000000705c00000, 0x0000000706000000, 0x0000000706000000|100%|HC|  |TAMS 0x0000000705c00000| PB 0x0000000705c00000| Complete 
| 152|0x0000000706000000, 0x0000000706400000, 0x0000000706400000|100%|HS|  |TAMS 0x0000000706000000| PB 0x0000000706000000| Complete 
| 153|0x0000000706400000, 0x0000000706800000, 0x0000000706800000|100%|HC|  |TAMS 0x0000000706400000| PB 0x0000000706400000| Complete 
| 154|0x0000000706800000, 0x0000000706c00000, 0x0000000706c00000|100%|HC|  |TAMS 0x0000000706800000| PB 0x0000000706800000| Complete 
| 155|0x0000000706c00000, 0x0000000707000000, 0x0000000707000000|100%|HC|  |TAMS 0x0000000706c00000| PB 0x0000000706c00000| Complete 
| 156|0x0000000707000000, 0x0000000707400000, 0x0000000707400000|100%|HC|  |TAMS 0x0000000707000000| PB 0x0000000707000000| Complete 
| 157|0x0000000707400000, 0x0000000707800000, 0x0000000707800000|100%|HC|  |TAMS 0x0000000707400000| PB 0x0000000707400000| Complete 
| 158|0x0000000707800000, 0x0000000707c00000, 0x0000000707c00000|100%|HC|  |TAMS 0x0000000707800000| PB 0x0000000707800000| Complete 
| 159|0x0000000707c00000, 0x0000000708000000, 0x0000000708000000|100%|HS|  |TAMS 0x0000000707c00000| PB 0x0000000707c00000| Complete 
| 160|0x0000000708000000, 0x0000000708400000, 0x0000000708400000|100%|HC|  |TAMS 0x0000000708000000| PB 0x0000000708000000| Complete 
| 161|0x0000000708400000, 0x0000000708800000, 0x0000000708800000|100%|HC|  |TAMS 0x0000000708400000| PB 0x0000000708400000| Complete 
| 162|0x0000000708800000, 0x0000000708c00000, 0x0000000708c00000|100%|HC|  |TAMS 0x0000000708800000| PB 0x0000000708800000| Complete 
| 163|0x0000000708c00000, 0x0000000709000000, 0x0000000709000000|100%|HC|  |TAMS 0x0000000708c00000| PB 0x0000000708c00000| Complete 
| 164|0x0000000709000000, 0x0000000709400000, 0x0000000709400000|100%|HS|  |TAMS 0x0000000709000000| PB 0x0000000709000000| Complete 
| 165|0x0000000709400000, 0x0000000709800000, 0x0000000709800000|100%|HC|  |TAMS 0x0000000709400000| PB 0x0000000709400000| Complete 
| 166|0x0000000709800000, 0x0000000709c00000, 0x0000000709c00000|100%|HC|  |TAMS 0x0000000709800000| PB 0x0000000709800000| Complete 
| 167|0x0000000709c00000, 0x000000070a000000, 0x000000070a000000|100%|HC|  |TAMS 0x0000000709c00000| PB 0x0000000709c00000| Complete 
| 168|0x000000070a000000, 0x000000070a400000, 0x000000070a400000|100%|HC|  |TAMS 0x000000070a000000| PB 0x000000070a000000| Complete 
| 169|0x000000070a400000, 0x000000070a400000, 0x000000070a800000|  0%| F|  |TAMS 0x000000070a400000| PB 0x000000070a400000| Untracked 
| 170|0x000000070a800000, 0x000000070a800000, 0x000000070ac00000|  0%| F|  |TAMS 0x000000070a800000| PB 0x000000070a800000| Untracked 
| 171|0x000000070ac00000, 0x000000070ac00000, 0x000000070b000000|  0%| F|  |TAMS 0x000000070ac00000| PB 0x000000070ac00000| Untracked 
| 172|0x000000070b000000, 0x000000070b000000, 0x000000070b400000|  0%| F|  |TAMS 0x000000070b000000| PB 0x000000070b000000| Untracked 
| 173|0x000000070b400000, 0x000000070b400000, 0x000000070b800000|  0%| F|  |TAMS 0x000000070b400000| PB 0x000000070b400000| Untracked 
| 174|0x000000070b800000, 0x000000070b800000, 0x000000070bc00000|  0%| F|  |TAMS 0x000000070b800000| PB 0x000000070b800000| Untracked 
| 175|0x000000070bc00000, 0x000000070bc00000, 0x000000070c000000|  0%| F|  |TAMS 0x000000070bc00000| PB 0x000000070bc00000| Untracked 
| 176|0x000000070c000000, 0x000000070c000000, 0x000000070c400000|  0%| F|  |TAMS 0x000000070c000000| PB 0x000000070c000000| Untracked 
| 177|0x000000070c400000, 0x000000070c400000, 0x000000070c800000|  0%| F|  |TAMS 0x000000070c400000| PB 0x000000070c400000| Untracked 
| 178|0x000000070c800000, 0x000000070c800000, 0x000000070cc00000|  0%| F|  |TAMS 0x000000070c800000| PB 0x000000070c800000| Untracked 
| 179|0x000000070cc00000, 0x000000070cc00000, 0x000000070d000000|  0%| F|  |TAMS 0x000000070cc00000| PB 0x000000070cc00000| Untracked 
| 180|0x000000070d000000, 0x000000070d000000, 0x000000070d400000|  0%| F|  |TAMS 0x000000070d000000| PB 0x000000070d000000| Untracked 
| 181|0x000000070d400000, 0x000000070d400000, 0x000000070d800000|  0%| F|  |TAMS 0x000000070d400000| PB 0x000000070d400000| Untracked 
| 182|0x000000070d800000, 0x000000070d800000, 0x000000070dc00000|  0%| F|  |TAMS 0x000000070d800000| PB 0x000000070d800000| Untracked 
| 183|0x000000070dc00000, 0x000000070dc00000, 0x000000070e000000|  0%| F|  |TAMS 0x000000070dc00000| PB 0x000000070dc00000| Untracked 
| 184|0x000000070e000000, 0x000000070e000000, 0x000000070e400000|  0%| F|  |TAMS 0x000000070e000000| PB 0x000000070e000000| Untracked 
| 185|0x000000070e400000, 0x000000070e400000, 0x000000070e800000|  0%| F|  |TAMS 0x000000070e400000| PB 0x000000070e400000| Untracked 
| 186|0x000000070e800000, 0x000000070e800000, 0x000000070ec00000|  0%| F|  |TAMS 0x000000070e800000| PB 0x000000070e800000| Untracked 
| 187|0x000000070ec00000, 0x000000070ec00000, 0x000000070f000000|  0%| F|  |TAMS 0x000000070ec00000| PB 0x000000070ec00000| Untracked 
| 188|0x000000070f000000, 0x000000070f000000, 0x000000070f400000|  0%| F|  |TAMS 0x000000070f000000| PB 0x000000070f000000| Untracked 
| 189|0x000000070f400000, 0x000000070f400000, 0x000000070f800000|  0%| F|  |TAMS 0x000000070f400000| PB 0x000000070f400000| Untracked 
| 190|0x000000070f800000, 0x000000070f800000, 0x000000070fc00000|  0%| F|  |TAMS 0x000000070f800000| PB 0x000000070f800000| Untracked 
| 191|0x000000070fc00000, 0x000000070fc00000, 0x0000000710000000|  0%| F|  |TAMS 0x000000070fc00000| PB 0x000000070fc00000| Untracked 
| 192|0x0000000710000000, 0x0000000710000000, 0x0000000710400000|  0%| F|  |TAMS 0x0000000710000000| PB 0x0000000710000000| Untracked 
| 193|0x0000000710400000, 0x0000000710400000, 0x0000000710800000|  0%| F|  |TAMS 0x0000000710400000| PB 0x0000000710400000| Untracked 
| 194|0x0000000710800000, 0x0000000710800000, 0x0000000710c00000|  0%| F|  |TAMS 0x0000000710800000| PB 0x0000000710800000| Untracked 
| 195|0x0000000710c00000, 0x0000000710c00000, 0x0000000711000000|  0%| F|  |TAMS 0x0000000710c00000| PB 0x0000000710c00000| Untracked 
| 196|0x0000000711000000, 0x0000000711000000, 0x0000000711400000|  0%| F|  |TAMS 0x0000000711000000| PB 0x0000000711000000| Untracked 
| 197|0x0000000711400000, 0x0000000711400000, 0x0000000711800000|  0%| F|  |TAMS 0x0000000711400000| PB 0x0000000711400000| Untracked 
| 198|0x0000000711800000, 0x0000000711800000, 0x0000000711c00000|  0%| F|  |TAMS 0x0000000711800000| PB 0x0000000711800000| Untracked 
| 199|0x0000000711c00000, 0x0000000711c00000, 0x0000000712000000|  0%| F|  |TAMS 0x0000000711c00000| PB 0x0000000711c00000| Untracked 
| 200|0x0000000712000000, 0x0000000712000000, 0x0000000712400000|  0%| F|  |TAMS 0x0000000712000000| PB 0x0000000712000000| Untracked 
| 201|0x0000000712400000, 0x0000000712400000, 0x0000000712800000|  0%| F|  |TAMS 0x0000000712400000| PB 0x0000000712400000| Untracked 
| 202|0x0000000712800000, 0x0000000712800000, 0x0000000712c00000|  0%| F|  |TAMS 0x0000000712800000| PB 0x0000000712800000| Untracked 
| 203|0x0000000712c00000, 0x0000000712c00000, 0x0000000713000000|  0%| F|  |TAMS 0x0000000712c00000| PB 0x0000000712c00000| Untracked 
| 204|0x0000000713000000, 0x0000000713000000, 0x0000000713400000|  0%| F|  |TAMS 0x0000000713000000| PB 0x0000000713000000| Untracked 
| 205|0x0000000713400000, 0x0000000713400000, 0x0000000713800000|  0%| F|  |TAMS 0x0000000713400000| PB 0x0000000713400000| Untracked 
| 206|0x0000000713800000, 0x0000000713800000, 0x0000000713c00000|  0%| F|  |TAMS 0x0000000713800000| PB 0x0000000713800000| Untracked 
| 207|0x0000000713c00000, 0x0000000713c00000, 0x0000000714000000|  0%| F|  |TAMS 0x0000000713c00000| PB 0x0000000713c00000| Untracked 
| 208|0x0000000714000000, 0x0000000714000000, 0x0000000714400000|  0%| F|  |TAMS 0x0000000714000000| PB 0x0000000714000000| Untracked 
| 209|0x0000000714400000, 0x0000000714400000, 0x0000000714800000|  0%| F|  |TAMS 0x0000000714400000| PB 0x0000000714400000| Untracked 
| 210|0x0000000714800000, 0x0000000714800000, 0x0000000714c00000|  0%| F|  |TAMS 0x0000000714800000| PB 0x0000000714800000| Untracked 
| 211|0x0000000714c00000, 0x0000000714c00000, 0x0000000715000000|  0%| F|  |TAMS 0x0000000714c00000| PB 0x0000000714c00000| Untracked 
| 212|0x0000000715000000, 0x0000000715000000, 0x0000000715400000|  0%| F|  |TAMS 0x0000000715000000| PB 0x0000000715000000| Untracked 
| 213|0x0000000715400000, 0x0000000715400000, 0x0000000715800000|  0%| F|  |TAMS 0x0000000715400000| PB 0x0000000715400000| Untracked 
| 214|0x0000000715800000, 0x0000000715800000, 0x0000000715c00000|  0%| F|  |TAMS 0x0000000715800000| PB 0x0000000715800000| Untracked 
| 215|0x0000000715c00000, 0x0000000715c00000, 0x0000000716000000|  0%| F|  |TAMS 0x0000000715c00000| PB 0x0000000715c00000| Untracked 
| 216|0x0000000716000000, 0x0000000716000000, 0x0000000716400000|  0%| F|  |TAMS 0x0000000716000000| PB 0x0000000716000000| Untracked 
| 217|0x0000000716400000, 0x0000000716400000, 0x0000000716800000|  0%| F|  |TAMS 0x0000000716400000| PB 0x0000000716400000| Untracked 
| 218|0x0000000716800000, 0x0000000716800000, 0x0000000716c00000|  0%| F|  |TAMS 0x0000000716800000| PB 0x0000000716800000| Untracked 
| 219|0x0000000716c00000, 0x0000000716c00000, 0x0000000717000000|  0%| F|  |TAMS 0x0000000716c00000| PB 0x0000000716c00000| Untracked 
| 220|0x0000000717000000, 0x0000000717000000, 0x0000000717400000|  0%| F|  |TAMS 0x0000000717000000| PB 0x0000000717000000| Untracked 
| 221|0x0000000717400000, 0x0000000717400000, 0x0000000717800000|  0%| F|  |TAMS 0x0000000717400000| PB 0x0000000717400000| Untracked 
| 222|0x0000000717800000, 0x0000000717800000, 0x0000000717c00000|  0%| F|  |TAMS 0x0000000717800000| PB 0x0000000717800000| Untracked 
| 223|0x0000000717c00000, 0x0000000717c00000, 0x0000000718000000|  0%| F|  |TAMS 0x0000000717c00000| PB 0x0000000717c00000| Untracked 
| 224|0x0000000718000000, 0x0000000718000000, 0x0000000718400000|  0%| F|  |TAMS 0x0000000718000000| PB 0x0000000718000000| Untracked 
| 225|0x0000000718400000, 0x0000000718400000, 0x0000000718800000|  0%| F|  |TAMS 0x0000000718400000| PB 0x0000000718400000| Untracked 
| 226|0x0000000718800000, 0x0000000718800000, 0x0000000718c00000|  0%| F|  |TAMS 0x0000000718800000| PB 0x0000000718800000| Untracked 
| 227|0x0000000718c00000, 0x0000000718c00000, 0x0000000719000000|  0%| F|  |TAMS 0x0000000718c00000| PB 0x0000000718c00000| Untracked 
| 228|0x0000000719000000, 0x0000000719000000, 0x0000000719400000|  0%| F|  |TAMS 0x0000000719000000| PB 0x0000000719000000| Untracked 
| 229|0x0000000719400000, 0x0000000719400000, 0x0000000719800000|  0%| F|  |TAMS 0x0000000719400000| PB 0x0000000719400000| Untracked 
| 230|0x0000000719800000, 0x0000000719800000, 0x0000000719c00000|  0%| F|  |TAMS 0x0000000719800000| PB 0x0000000719800000| Untracked 
| 231|0x0000000719c00000, 0x0000000719c00000, 0x000000071a000000|  0%| F|  |TAMS 0x0000000719c00000| PB 0x0000000719c00000| Untracked 
| 232|0x000000071a000000, 0x000000071a000000, 0x000000071a400000|  0%| F|  |TAMS 0x000000071a000000| PB 0x000000071a000000| Untracked 
| 233|0x000000071a400000, 0x000000071a400000, 0x000000071a800000|  0%| F|  |TAMS 0x000000071a400000| PB 0x000000071a400000| Untracked 
| 234|0x000000071a800000, 0x000000071a800000, 0x000000071ac00000|  0%| F|  |TAMS 0x000000071a800000| PB 0x000000071a800000| Untracked 
| 235|0x000000071ac00000, 0x000000071ac00000, 0x000000071b000000|  0%| F|  |TAMS 0x000000071ac00000| PB 0x000000071ac00000| Untracked 
| 236|0x000000071b000000, 0x000000071b000000, 0x000000071b400000|  0%| F|  |TAMS 0x000000071b000000| PB 0x000000071b000000| Untracked 
| 237|0x000000071b400000, 0x000000071b400000, 0x000000071b800000|  0%| F|  |TAMS 0x000000071b400000| PB 0x000000071b400000| Untracked 
| 238|0x000000071b800000, 0x000000071b800000, 0x000000071bc00000|  0%| F|  |TAMS 0x000000071b800000| PB 0x000000071b800000| Untracked 
| 239|0x000000071bc00000, 0x000000071bc00000, 0x000000071c000000|  0%| F|  |TAMS 0x000000071bc00000| PB 0x000000071bc00000| Untracked 
| 240|0x000000071c000000, 0x000000071c000000, 0x000000071c400000|  0%| F|  |TAMS 0x000000071c000000| PB 0x000000071c000000| Untracked 
| 241|0x000000071c400000, 0x000000071c400000, 0x000000071c800000|  0%| F|  |TAMS 0x000000071c400000| PB 0x000000071c400000| Untracked 
| 242|0x000000071c800000, 0x000000071c800000, 0x000000071cc00000|  0%| F|  |TAMS 0x000000071c800000| PB 0x000000071c800000| Untracked 
| 243|0x000000071cc00000, 0x000000071cc00000, 0x000000071d000000|  0%| F|  |TAMS 0x000000071cc00000| PB 0x000000071cc00000| Untracked 
| 244|0x000000071d000000, 0x000000071d000000, 0x000000071d400000|  0%| F|  |TAMS 0x000000071d000000| PB 0x000000071d000000| Untracked 
| 245|0x000000071d400000, 0x000000071d400000, 0x000000071d800000|  0%| F|  |TAMS 0x000000071d400000| PB 0x000000071d400000| Untracked 
| 246|0x000000071d800000, 0x000000071d800000, 0x000000071dc00000|  0%| F|  |TAMS 0x000000071d800000| PB 0x000000071d800000| Untracked 
| 247|0x000000071dc00000, 0x000000071dc00000, 0x000000071e000000|  0%| F|  |TAMS 0x000000071dc00000| PB 0x000000071dc00000| Untracked 
| 248|0x000000071e000000, 0x000000071e000000, 0x000000071e400000|  0%| F|  |TAMS 0x000000071e000000| PB 0x000000071e000000| Untracked 
| 249|0x000000071e400000, 0x000000071e400000, 0x000000071e800000|  0%| F|  |TAMS 0x000000071e400000| PB 0x000000071e400000| Untracked 
| 250|0x000000071e800000, 0x000000071e800000, 0x000000071ec00000|  0%| F|  |TAMS 0x000000071e800000| PB 0x000000071e800000| Untracked 
| 251|0x000000071ec00000, 0x000000071ec00000, 0x000000071f000000|  0%| F|  |TAMS 0x000000071ec00000| PB 0x000000071ec00000| Untracked 
| 252|0x000000071f000000, 0x000000071f000000, 0x000000071f400000|  0%| F|  |TAMS 0x000000071f000000| PB 0x000000071f000000| Untracked 
| 253|0x000000071f400000, 0x000000071f400000, 0x000000071f800000|  0%| F|  |TAMS 0x000000071f400000| PB 0x000000071f400000| Untracked 
| 254|0x000000071f800000, 0x000000071f800000, 0x000000071fc00000|  0%| F|  |TAMS 0x000000071f800000| PB 0x000000071f800000| Untracked 
| 255|0x000000071fc00000, 0x000000071fc00000, 0x0000000720000000|  0%| F|  |TAMS 0x000000071fc00000| PB 0x000000071fc00000| Untracked 
| 256|0x0000000720000000, 0x0000000720000000, 0x0000000720400000|  0%| F|  |TAMS 0x0000000720000000| PB 0x0000000720000000| Untracked 
| 257|0x0000000720400000, 0x0000000720400000, 0x0000000720800000|  0%| F|  |TAMS 0x0000000720400000| PB 0x0000000720400000| Untracked 
| 258|0x0000000720800000, 0x0000000720800000, 0x0000000720c00000|  0%| F|  |TAMS 0x0000000720800000| PB 0x0000000720800000| Untracked 
| 259|0x0000000720c00000, 0x0000000720c00000, 0x0000000721000000|  0%| F|  |TAMS 0x0000000720c00000| PB 0x0000000720c00000| Untracked 
| 260|0x0000000721000000, 0x0000000721000000, 0x0000000721400000|  0%| F|  |TAMS 0x0000000721000000| PB 0x0000000721000000| Untracked 
| 261|0x0000000721400000, 0x0000000721400000, 0x0000000721800000|  0%| F|  |TAMS 0x0000000721400000| PB 0x0000000721400000| Untracked 
| 262|0x0000000721800000, 0x0000000721800000, 0x0000000721c00000|  0%| F|  |TAMS 0x0000000721800000| PB 0x0000000721800000| Untracked 
| 263|0x0000000721c00000, 0x0000000721c00000, 0x0000000722000000|  0%| F|  |TAMS 0x0000000721c00000| PB 0x0000000721c00000| Untracked 
| 264|0x0000000722000000, 0x0000000722000000, 0x0000000722400000|  0%| F|  |TAMS 0x0000000722000000| PB 0x0000000722000000| Untracked 
| 265|0x0000000722400000, 0x0000000722400000, 0x0000000722800000|  0%| F|  |TAMS 0x0000000722400000| PB 0x0000000722400000| Untracked 
| 266|0x0000000722800000, 0x0000000722800000, 0x0000000722c00000|  0%| F|  |TAMS 0x0000000722800000| PB 0x0000000722800000| Untracked 
| 267|0x0000000722c00000, 0x0000000722c00000, 0x0000000723000000|  0%| F|  |TAMS 0x0000000722c00000| PB 0x0000000722c00000| Untracked 
| 268|0x0000000723000000, 0x0000000723000000, 0x0000000723400000|  0%| F|  |TAMS 0x0000000723000000| PB 0x0000000723000000| Untracked 
| 269|0x0000000723400000, 0x0000000723400000, 0x0000000723800000|  0%| F|  |TAMS 0x0000000723400000| PB 0x0000000723400000| Untracked 
| 270|0x0000000723800000, 0x0000000723800000, 0x0000000723c00000|  0%| F|  |TAMS 0x0000000723800000| PB 0x0000000723800000| Untracked 
| 271|0x0000000723c00000, 0x0000000723c00000, 0x0000000724000000|  0%| F|  |TAMS 0x0000000723c00000| PB 0x0000000723c00000| Untracked 
| 272|0x0000000724000000, 0x0000000724000000, 0x0000000724400000|  0%| F|  |TAMS 0x0000000724000000| PB 0x0000000724000000| Untracked 
| 273|0x0000000724400000, 0x0000000724400000, 0x0000000724800000|  0%| F|  |TAMS 0x0000000724400000| PB 0x0000000724400000| Untracked 
| 274|0x0000000724800000, 0x0000000724800000, 0x0000000724c00000|  0%| F|  |TAMS 0x0000000724800000| PB 0x0000000724800000| Untracked 
| 275|0x0000000724c00000, 0x0000000724c00000, 0x0000000725000000|  0%| F|  |TAMS 0x0000000724c00000| PB 0x0000000724c00000| Untracked 
| 276|0x0000000725000000, 0x000000072529f930, 0x0000000725400000| 65%| E|  |TAMS 0x0000000725000000| PB 0x0000000725000000| Complete 
| 277|0x0000000725400000, 0x0000000725800000, 0x0000000725800000|100%| E|CS|TAMS 0x0000000725400000| PB 0x0000000725400000| Complete 
| 278|0x0000000725800000, 0x0000000725c00000, 0x0000000725c00000|100%| E|CS|TAMS 0x0000000725800000| PB 0x0000000725800000| Complete 
| 279|0x0000000725c00000, 0x0000000726000000, 0x0000000726000000|100%| E|CS|TAMS 0x0000000725c00000| PB 0x0000000725c00000| Complete 
| 280|0x0000000726000000, 0x0000000726400000, 0x0000000726400000|100%| E|CS|TAMS 0x0000000726000000| PB 0x0000000726000000| Complete 
| 281|0x0000000726400000, 0x0000000726800000, 0x0000000726800000|100%| E|CS|TAMS 0x0000000726400000| PB 0x0000000726400000| Complete 
| 282|0x0000000726800000, 0x0000000726c00000, 0x0000000726c00000|100%| E|CS|TAMS 0x0000000726800000| PB 0x0000000726800000| Complete 
| 283|0x0000000726c00000, 0x0000000726d03900, 0x0000000727000000| 25%| S|CS|TAMS 0x0000000726c00000| PB 0x0000000726c00000| Complete 
| 284|0x0000000727000000, 0x0000000727400000, 0x0000000727400000|100%| S|CS|TAMS 0x0000000727000000| PB 0x0000000727000000| Complete 
| 285|0x0000000727400000, 0x0000000727800000, 0x0000000727800000|100%| S|CS|TAMS 0x0000000727400000| PB 0x0000000727400000| Complete 
| 286|0x0000000727800000, 0x0000000727c00000, 0x0000000727c00000|100%| S|CS|TAMS 0x0000000727800000| PB 0x0000000727800000| Complete 
| 287|0x0000000727c00000, 0x0000000728000000, 0x0000000728000000|100%| S|CS|TAMS 0x0000000727c00000| PB 0x0000000727c00000| Complete 
| 288|0x0000000728000000, 0x0000000728400000, 0x0000000728400000|100%| S|CS|TAMS 0x0000000728000000| PB 0x0000000728000000| Complete 
| 289|0x0000000728400000, 0x0000000728800000, 0x0000000728800000|100%| S|CS|TAMS 0x0000000728400000| PB 0x0000000728400000| Complete 
| 290|0x0000000728800000, 0x0000000728c00000, 0x0000000728c00000|100%| S|CS|TAMS 0x0000000728800000| PB 0x0000000728800000| Complete 
| 291|0x0000000728c00000, 0x0000000729000000, 0x0000000729000000|100%| S|CS|TAMS 0x0000000728c00000| PB 0x0000000728c00000| Complete 
| 292|0x0000000729000000, 0x0000000729400000, 0x0000000729400000|100%| S|CS|TAMS 0x0000000729000000| PB 0x0000000729000000| Complete 
| 293|0x0000000729400000, 0x0000000729800000, 0x0000000729800000|100%| S|CS|TAMS 0x0000000729400000| PB 0x0000000729400000| Complete 
| 294|0x0000000729800000, 0x0000000729c00000, 0x0000000729c00000|100%| S|CS|TAMS 0x0000000729800000| PB 0x0000000729800000| Complete 
| 295|0x0000000729c00000, 0x000000072a000000, 0x000000072a000000|100%| S|CS|TAMS 0x0000000729c00000| PB 0x0000000729c00000| Complete 
| 296|0x000000072a000000, 0x000000072a400000, 0x000000072a400000|100%| S|CS|TAMS 0x000000072a000000| PB 0x000000072a000000| Complete 
| 297|0x000000072a400000, 0x000000072a800000, 0x000000072a800000|100%| S|CS|TAMS 0x000000072a400000| PB 0x000000072a400000| Complete 
| 298|0x000000072a800000, 0x000000072ac00000, 0x000000072ac00000|100%| S|CS|TAMS 0x000000072a800000| PB 0x000000072a800000| Complete 
| 299|0x000000072ac00000, 0x000000072b000000, 0x000000072b000000|100%| S|CS|TAMS 0x000000072ac00000| PB 0x000000072ac00000| Complete 
| 300|0x000000072b000000, 0x000000072b400000, 0x000000072b400000|100%| E|CS|TAMS 0x000000072b000000| PB 0x000000072b000000| Complete 
| 301|0x000000072b400000, 0x000000072b800000, 0x000000072b800000|100%| E|CS|TAMS 0x000000072b400000| PB 0x000000072b400000| Complete 
| 302|0x000000072b800000, 0x000000072bc00000, 0x000000072bc00000|100%| E|CS|TAMS 0x000000072b800000| PB 0x000000072b800000| Complete 
| 303|0x000000072bc00000, 0x000000072c000000, 0x000000072c000000|100%| E|CS|TAMS 0x000000072bc00000| PB 0x000000072bc00000| Complete 
| 304|0x000000072c000000, 0x000000072c400000, 0x000000072c400000|100%| E|CS|TAMS 0x000000072c000000| PB 0x000000072c000000| Complete 
| 305|0x000000072c400000, 0x000000072c800000, 0x000000072c800000|100%| E|CS|TAMS 0x000000072c400000| PB 0x000000072c400000| Complete 
| 306|0x000000072c800000, 0x000000072cc00000, 0x000000072cc00000|100%| E|CS|TAMS 0x000000072c800000| PB 0x000000072c800000| Complete 
| 307|0x000000072cc00000, 0x000000072d000000, 0x000000072d000000|100%| E|CS|TAMS 0x000000072cc00000| PB 0x000000072cc00000| Complete 
| 308|0x000000072d000000, 0x000000072d400000, 0x000000072d400000|100%| E|CS|TAMS 0x000000072d000000| PB 0x000000072d000000| Complete 
| 309|0x000000072d400000, 0x000000072d800000, 0x000000072d800000|100%| E|CS|TAMS 0x000000072d400000| PB 0x000000072d400000| Complete 
| 310|0x000000072d800000, 0x000000072dc00000, 0x000000072dc00000|100%| E|CS|TAMS 0x000000072d800000| PB 0x000000072d800000| Complete 
| 311|0x000000072dc00000, 0x000000072e000000, 0x000000072e000000|100%| E|CS|TAMS 0x000000072dc00000| PB 0x000000072dc00000| Complete 
| 312|0x000000072e000000, 0x000000072e400000, 0x000000072e400000|100%| E|  |TAMS 0x000000072e000000| PB 0x000000072e000000| Complete 
| 313|0x000000072e400000, 0x000000072e800000, 0x000000072e800000|100%| E|CS|TAMS 0x000000072e400000| PB 0x000000072e400000| Complete 
| 314|0x000000072e800000, 0x000000072ec00000, 0x000000072ec00000|100%| E|CS|TAMS 0x000000072e800000| PB 0x000000072e800000| Complete 
| 315|0x000000072ec00000, 0x000000072f000000, 0x000000072f000000|100%| E|CS|TAMS 0x000000072ec00000| PB 0x000000072ec00000| Complete 
| 316|0x000000072f000000, 0x000000072f400000, 0x000000072f400000|100%| E|CS|TAMS 0x000000072f000000| PB 0x000000072f000000| Complete 
| 317|0x000000072f400000, 0x000000072f800000, 0x000000072f800000|100%| E|CS|TAMS 0x000000072f400000| PB 0x000000072f400000| Complete 
| 318|0x000000072f800000, 0x000000072fc00000, 0x000000072fc00000|100%| E|CS|TAMS 0x000000072f800000| PB 0x000000072f800000| Complete 
| 319|0x000000072fc00000, 0x0000000730000000, 0x0000000730000000|100%| E|CS|TAMS 0x000000072fc00000| PB 0x000000072fc00000| Complete 
| 320|0x0000000730000000, 0x0000000730400000, 0x0000000730400000|100%| E|CS|TAMS 0x0000000730000000| PB 0x0000000730000000| Complete 
| 321|0x0000000730400000, 0x0000000730800000, 0x0000000730800000|100%| E|CS|TAMS 0x0000000730400000| PB 0x0000000730400000| Complete 
| 322|0x0000000730800000, 0x0000000730c00000, 0x0000000730c00000|100%| E|CS|TAMS 0x0000000730800000| PB 0x0000000730800000| Complete 
| 323|0x0000000730c00000, 0x0000000731000000, 0x0000000731000000|100%| E|CS|TAMS 0x0000000730c00000| PB 0x0000000730c00000| Complete 
| 324|0x0000000731000000, 0x0000000731400000, 0x0000000731400000|100%| E|CS|TAMS 0x0000000731000000| PB 0x0000000731000000| Complete 
| 325|0x0000000731400000, 0x0000000731800000, 0x0000000731800000|100%| E|CS|TAMS 0x0000000731400000| PB 0x0000000731400000| Complete 
| 326|0x0000000731800000, 0x0000000731c00000, 0x0000000731c00000|100%| E|CS|TAMS 0x0000000731800000| PB 0x0000000731800000| Complete 
| 327|0x0000000731c00000, 0x0000000732000000, 0x0000000732000000|100%| E|CS|TAMS 0x0000000731c00000| PB 0x0000000731c00000| Complete 
| 328|0x0000000732000000, 0x0000000732400000, 0x0000000732400000|100%| E|CS|TAMS 0x0000000732000000| PB 0x0000000732000000| Complete 
| 329|0x0000000732400000, 0x0000000732800000, 0x0000000732800000|100%| E|CS|TAMS 0x0000000732400000| PB 0x0000000732400000| Complete 
| 330|0x0000000732800000, 0x0000000732c00000, 0x0000000732c00000|100%| E|CS|TAMS 0x0000000732800000| PB 0x0000000732800000| Complete 
| 331|0x0000000732c00000, 0x0000000733000000, 0x0000000733000000|100%| E|CS|TAMS 0x0000000732c00000| PB 0x0000000732c00000| Complete 
| 332|0x0000000733000000, 0x0000000733400000, 0x0000000733400000|100%| E|CS|TAMS 0x0000000733000000| PB 0x0000000733000000| Complete 
| 333|0x0000000733400000, 0x0000000733800000, 0x0000000733800000|100%| E|CS|TAMS 0x0000000733400000| PB 0x0000000733400000| Complete 
| 334|0x0000000733800000, 0x0000000733c00000, 0x0000000733c00000|100%| E|CS|TAMS 0x0000000733800000| PB 0x0000000733800000| Complete 
| 335|0x0000000733c00000, 0x0000000734000000, 0x0000000734000000|100%| E|CS|TAMS 0x0000000733c00000| PB 0x0000000733c00000| Complete 
| 336|0x0000000734000000, 0x0000000734400000, 0x0000000734400000|100%| E|CS|TAMS 0x0000000734000000| PB 0x0000000734000000| Complete 
| 337|0x0000000734400000, 0x0000000734800000, 0x0000000734800000|100%| E|CS|TAMS 0x0000000734400000| PB 0x0000000734400000| Complete 
| 338|0x0000000734800000, 0x0000000734c00000, 0x0000000734c00000|100%| E|CS|TAMS 0x0000000734800000| PB 0x0000000734800000| Complete 
| 339|0x0000000734c00000, 0x0000000735000000, 0x0000000735000000|100%| E|CS|TAMS 0x0000000734c00000| PB 0x0000000734c00000| Complete 
| 340|0x0000000735000000, 0x0000000735400000, 0x0000000735400000|100%| E|CS|TAMS 0x0000000735000000| PB 0x0000000735000000| Complete 
| 341|0x0000000735400000, 0x0000000735800000, 0x0000000735800000|100%| E|CS|TAMS 0x0000000735400000| PB 0x0000000735400000| Complete 
| 342|0x0000000735800000, 0x0000000735c00000, 0x0000000735c00000|100%| E|CS|TAMS 0x0000000735800000| PB 0x0000000735800000| Complete 
| 343|0x0000000735c00000, 0x0000000736000000, 0x0000000736000000|100%| E|CS|TAMS 0x0000000735c00000| PB 0x0000000735c00000| Complete 
| 344|0x0000000736000000, 0x0000000736400000, 0x0000000736400000|100%| E|CS|TAMS 0x0000000736000000| PB 0x0000000736000000| Complete 
| 345|0x0000000736400000, 0x0000000736800000, 0x0000000736800000|100%| E|CS|TAMS 0x0000000736400000| PB 0x0000000736400000| Complete 
| 346|0x0000000736800000, 0x0000000736c00000, 0x0000000736c00000|100%| E|CS|TAMS 0x0000000736800000| PB 0x0000000736800000| Complete 
| 347|0x0000000736c00000, 0x0000000737000000, 0x0000000737000000|100%| E|CS|TAMS 0x0000000736c00000| PB 0x0000000736c00000| Complete 
| 348|0x0000000737000000, 0x0000000737400000, 0x0000000737400000|100%| E|CS|TAMS 0x0000000737000000| PB 0x0000000737000000| Complete 
| 349|0x0000000737400000, 0x0000000737800000, 0x0000000737800000|100%| E|CS|TAMS 0x0000000737400000| PB 0x0000000737400000| Complete 
| 350|0x0000000737800000, 0x0000000737c00000, 0x0000000737c00000|100%| E|CS|TAMS 0x0000000737800000| PB 0x0000000737800000| Complete 
| 351|0x0000000737c00000, 0x0000000738000000, 0x0000000738000000|100%| E|CS|TAMS 0x0000000737c00000| PB 0x0000000737c00000| Complete 
| 352|0x0000000738000000, 0x0000000738400000, 0x0000000738400000|100%| E|CS|TAMS 0x0000000738000000| PB 0x0000000738000000| Complete 
| 353|0x0000000738400000, 0x0000000738800000, 0x0000000738800000|100%| E|CS|TAMS 0x0000000738400000| PB 0x0000000738400000| Complete 
| 354|0x0000000738800000, 0x0000000738c00000, 0x0000000738c00000|100%| E|CS|TAMS 0x0000000738800000| PB 0x0000000738800000| Complete 
| 355|0x0000000738c00000, 0x0000000739000000, 0x0000000739000000|100%| E|CS|TAMS 0x0000000738c00000| PB 0x0000000738c00000| Complete 
| 356|0x0000000739000000, 0x0000000739400000, 0x0000000739400000|100%| E|CS|TAMS 0x0000000739000000| PB 0x0000000739000000| Complete 
| 357|0x0000000739400000, 0x0000000739800000, 0x0000000739800000|100%| E|CS|TAMS 0x0000000739400000| PB 0x0000000739400000| Complete 
| 358|0x0000000739800000, 0x0000000739c00000, 0x0000000739c00000|100%| E|CS|TAMS 0x0000000739800000| PB 0x0000000739800000| Complete 
| 359|0x0000000739c00000, 0x000000073a000000, 0x000000073a000000|100%| E|CS|TAMS 0x0000000739c00000| PB 0x0000000739c00000| Complete 
|1129|0x00000007fa400000, 0x00000007fa800000, 0x00000007fa800000|100%| O|  |TAMS 0x00000007fa400000| PB 0x00000007fa400000| Untracked 
|1130|0x00000007fa800000, 0x00000007fac00000, 0x00000007fac00000|100%| O|Cm|TAMS 0x00000007fa800000| PB 0x00000007fa800000| Complete 
|1131|0x00000007fac00000, 0x00000007fb000000, 0x00000007fb000000|100%| E|CS|TAMS 0x00000007fac00000| PB 0x00000007fac00000| Complete 
|1132|0x00000007fb000000, 0x00000007fb400000, 0x00000007fb400000|100%| O|  |TAMS 0x00000007fb000000| PB 0x00000007fb000000| Untracked 
|1133|0x00000007fb400000, 0x00000007fb800000, 0x00000007fb800000|100%| O|Cm|TAMS 0x00000007fb400000| PB 0x00000007fb400000| Complete 
|1134|0x00000007fb800000, 0x00000007fbc00000, 0x00000007fbc00000|100%| O|Cm|TAMS 0x00000007fb800000| PB 0x00000007fb800000| Complete 
|1135|0x00000007fbc00000, 0x00000007fc000000, 0x00000007fc000000|100%| O|  |TAMS 0x00000007fbc00000| PB 0x00000007fbc00000| Untracked 
|1136|0x00000007fc000000, 0x00000007fc400000, 0x00000007fc400000|100%| O|  |TAMS 0x00000007fc000000| PB 0x00000007fc000000| Untracked 
|1137|0x00000007fc400000, 0x00000007fc800000, 0x00000007fc800000|100%| O|  |TAMS 0x00000007fc400000| PB 0x00000007fc400000| Untracked 
|1138|0x00000007fc800000, 0x00000007fcc00000, 0x00000007fcc00000|100%| O|Cm|TAMS 0x00000007fc800000| PB 0x00000007fc800000| Complete 
|1139|0x00000007fcc00000, 0x00000007fd000000, 0x00000007fd000000|100%| O|Cm|TAMS 0x00000007fcc00000| PB 0x00000007fcc00000| Complete 
|1140|0x00000007fd000000, 0x00000007fd400000, 0x00000007fd400000|100%| O|  |TAMS 0x00000007fd000000| PB 0x00000007fd000000| Untracked 
|1141|0x00000007fd400000, 0x00000007fd800000, 0x00000007fd800000|100%| E|CS|TAMS 0x00000007fd400000| PB 0x00000007fd400000| Complete 
|1142|0x00000007fd800000, 0x00000007fdc00000, 0x00000007fdc00000|100%| O|  |TAMS 0x00000007fd800000| PB 0x00000007fd800000| Untracked 
|1143|0x00000007fdc00000, 0x00000007fe000000, 0x00000007fe000000|100%| O|  |TAMS 0x00000007fdc00000| PB 0x00000007fdc00000| Untracked 
|1144|0x00000007fe000000, 0x00000007fe400000, 0x00000007fe400000|100%| O|Cm|TAMS 0x00000007fe000000| PB 0x00000007fe000000| Complete 
|1145|0x00000007fe400000, 0x00000007fe800000, 0x00000007fe800000|100%| O|Cm|TAMS 0x00000007fe400000| PB 0x00000007fe400000| Complete 
|1146|0x00000007fe800000, 0x00000007fec00000, 0x00000007fec00000|100%| O|Cm|TAMS 0x00000007fe800000| PB 0x00000007fe800000| Complete 
|1147|0x00000007fec00000, 0x00000007ff000000, 0x00000007ff000000|100%| O|  |TAMS 0x00000007fec00000| PB 0x00000007fec00000| Untracked 
|1148|0x00000007ff000000, 0x00000007ff400000, 0x00000007ff400000|100%| O|Cm|TAMS 0x00000007ff000000| PB 0x00000007ff000000| Complete 
|1149|0x00000007ff400000, 0x00000007ff800000, 0x00000007ff800000|100%| O|  |TAMS 0x00000007ff400000| PB 0x00000007ff400000| Untracked 
|1150|0x00000007ff800000, 0x00000007ffc00000, 0x00000007ffc00000|100%| E|CS|TAMS 0x00000007ff800000| PB 0x00000007ff800000| Complete 
|1151|0x00000007ffc00000, 0x0000000800000000, 0x0000000800000000|100%| O|  |TAMS 0x00000007ffc00000| PB 0x00000007ffc00000| Untracked 

Card table byte_map: [0x0000020a681d0000,0x0000020a68ad0000] _byte_map_base: 0x0000020a64ad0000

Marking Bits: (CMBitMap*) 0x0000020a55297570
 Bits: [0x0000020a68ad0000, 0x0000020a6d2d0000)

Polling page: 0x0000020a53020000

Metaspace:

Usage:
  Non-class:    153.36 MB used.
      Class:     23.27 MB used.
       Both:    176.63 MB used.

Virtual space:
  Non-class space:      192.00 MB reserved,     154.75 MB ( 81%) committed,  3 nodes.
      Class space:        1.00 GB reserved,      24.75 MB (  2%) committed,  1 nodes.
             Both:        1.19 GB reserved,     179.50 MB ( 15%) committed. 

Chunk freelists:
   Non-Class:  5.23 MB
       Class:  7.23 MB
        Both:  12.47 MB

MaxMetaspaceSize: unlimited
CompressedClassSpaceSize: 1.00 GB
Initial GC threshold: 21.00 MB
Current GC threshold: 295.12 MB
CDS: off
 - commit_granule_bytes: 65536.
 - commit_granule_words: 8192.
 - virtual_space_node_default_size: 8388608.
 - enlarge_chunks_in_place: 1.
 - use_allocation_guard: 0.


Internal statistics:

num_allocs_failed_limit: 3.
num_arena_births: 5840.
num_arena_deaths: 34.
num_vsnodes_births: 4.
num_vsnodes_deaths: 0.
num_space_committed: 2867.
num_space_uncommitted: 0.
num_chunks_returned_to_freelist: 56.
num_chunks_taken_from_freelist: 13919.
num_chunk_merges: 3.
num_chunk_splits: 8854.
num_chunks_enlarged: 5396.
num_inconsistent_stats: 0.

CodeHeap 'non-profiled nmethods': size=120000Kb used=17914Kb max_used=17914Kb free=102085Kb
 bounds [0x0000020a5fe50000, 0x0000020a60fd0000, 0x0000020a67380000]
CodeHeap 'profiled nmethods': size=120000Kb used=38029Kb max_used=38029Kb free=81970Kb
 bounds [0x0000020a58380000, 0x0000020a5a8b0000, 0x0000020a5f8b0000]
CodeHeap 'non-nmethods': size=5760Kb used=3517Kb max_used=3562Kb free=2243Kb
 bounds [0x0000020a5f8b0000, 0x0000020a5fc40000, 0x0000020a5fe50000]
 total_blobs=20399 nmethods=19201 adapters=1101
 compilation: enabled
              stopped_count=0, restarted_count=0
 full_count=0

Compilation events (20 events):
Event: 148.805 Thread 0x0000020a70108830 nmethod 30035 0x0000020a60fc5990 code [0x0000020a60fc5b20, 0x0000020a60fc5ba8]
Event: 148.805 Thread 0x0000020a70108830 30046       4       org.gradle.internal.normalization.java.impl.FieldMember::compareTo (9 bytes)
Event: 148.806 Thread 0x0000020a7010a950 30096       1       org.gradle.api.internal.changedetection.state.CachingFileHasher$FileInfo::getHash (5 bytes)
Event: 148.806 Thread 0x0000020a7010a950 nmethod 30096 0x0000020a60fc5c90 code [0x0000020a60fc5e20, 0x0000020a60fc5ef0]
Event: 148.806 Thread 0x0000020a7010a950 30097       3       java.util.LinkedList::pollFirst (19 bytes)
Event: 148.807 Thread 0x0000020a7010a950 nmethod 30097 0x0000020a5a366d90 code [0x0000020a5a366f40, 0x0000020a5a3670e0]
Event: 148.813 Thread 0x0000020a70108830 nmethod 30046 0x0000020a60fc5f90 code [0x0000020a60fc61e0, 0x0000020a60fc6c00]
Event: 148.813 Thread 0x0000020a70108830 30098       4       org.gradle.tooling.internal.provider.runner.ClientBuildEventGenerator::progress (36 bytes)
Event: 148.816 Thread 0x0000020a7010a950 30100       2       org.gradle.api.internal.changedetection.state.CachingFileHasher::hash (12 bytes)
Event: 148.816 Thread 0x0000020a7010a950 nmethod 30100 0x0000020a5a366990 code [0x0000020a5a366b40, 0x0000020a5a366c68]
Event: 148.816 Thread 0x0000020a7010a950 30101       2       org.gradle.api.internal.changedetection.state.SplitFileHasher::hash (44 bytes)
Event: 148.816 Thread 0x0000020a7010a950 nmethod 30101 0x0000020a5a366390 code [0x0000020a5a366560, 0x0000020a5a3667d0]
Event: 148.821 Thread 0x0000020a70108830 nmethod 30098 0x0000020a60fc7290 code [0x0000020a60fc74a0, 0x0000020a60fc7990]
Event: 148.821 Thread 0x0000020a70108830 30099       4       org.gradle.internal.snapshot.impl.DirectorySnapshotter$PathVisitor::doPreVisitDirectory (182 bytes)
Event: 148.824 Thread 0x0000020a09faee30 nmethod 29986 0x0000020a60fc7e10 code [0x0000020a60fc81a0, 0x0000020a60fc90f8]
Event: 148.824 Thread 0x0000020a09faee30 30105       4       org.objectweb.asm.MethodWriter::visitEnd (1 bytes)
Event: 148.824 Thread 0x0000020a09faee30 nmethod 30105 0x0000020a60fca090 code [0x0000020a60fca220, 0x0000020a60fca2a8]
Event: 148.824 Thread 0x0000020a09faee30 30106       4       org.gradle.internal.snapshot.ChildMap$Entry::handlePath (135 bytes)
Event: 148.824 Thread 0x0000020a7010a950 30107       1       com.google.common.collect.ComparisonChain$1::result (2 bytes)
Event: 148.825 Thread 0x0000020a7010a950 nmethod 30107 0x0000020a60fca390 code [0x0000020a60fca520, 0x0000020a60fca5e8]

GC Heap History (20 events):
Event: 118.993 GC heap before
{Heap before GC invocations=60 (full 0):
 garbage-first heap   total 479232K, used 470469K [0x00000006e0000000, 0x0000000800000000)
  region size 4096K, 50 young (204800K), 3 survivors (12288K)
 Metaspace       used 159443K, committed 162240K, reserved 1245184K
  class space    used 21086K, committed 22528K, reserved 1048576K
}
Event: 119.016 GC heap after
{Heap after GC invocations=61 (full 0):
 garbage-first heap   total 544768K, used 315229K [0x00000006e0000000, 0x0000000800000000)
  region size 4096K, 7 young (28672K), 7 survivors (28672K)
 Metaspace       used 159443K, committed 162240K, reserved 1245184K
  class space    used 21086K, committed 22528K, reserved 1048576K
}
Event: 119.500 GC heap before
{Heap before GC invocations=61 (full 0):
 garbage-first heap   total 544768K, used 499549K [0x00000006e0000000, 0x0000000800000000)
  region size 4096K, 45 young (184320K), 7 survivors (28672K)
 Metaspace       used 159744K, committed 162560K, reserved 1245184K
  class space    used 21127K, committed 22592K, reserved 1048576K
}
Event: 119.534 GC heap after
{Heap after GC invocations=62 (full 0):
 garbage-first heap   total 602112K, used 387819K [0x00000006e0000000, 0x0000000800000000)
  region size 4096K, 6 young (24576K), 6 survivors (24576K)
 Metaspace       used 159744K, committed 162560K, reserved 1245184K
  class space    used 21127K, committed 22592K, reserved 1048576K
}
Event: 120.025 GC heap before
{Heap before GC invocations=62 (full 0):
 garbage-first heap   total 602112K, used 506603K [0x00000006e0000000, 0x0000000800000000)
  region size 4096K, 35 young (143360K), 6 survivors (24576K)
 Metaspace       used 159938K, committed 162752K, reserved 1245184K
  class space    used 21142K, committed 22592K, reserved 1048576K
}
Event: 120.062 GC heap after
{Heap after GC invocations=63 (full 0):
 garbage-first heap   total 602112K, used 431746K [0x00000006e0000000, 0x0000000800000000)
  region size 4096K, 5 young (20480K), 5 survivors (20480K)
 Metaspace       used 159938K, committed 162752K, reserved 1245184K
  class space    used 21142K, committed 22592K, reserved 1048576K
}
Event: 120.541 GC heap before
{Heap before GC invocations=64 (full 0):
 garbage-first heap   total 733184K, used 521858K [0x00000006e0000000, 0x0000000800000000)
  region size 4096K, 27 young (110592K), 5 survivors (20480K)
 Metaspace       used 162765K, committed 165568K, reserved 1245184K
  class space    used 21698K, committed 23168K, reserved 1048576K
}
Event: 120.579 GC heap after
{Heap after GC invocations=65 (full 0):
 garbage-first heap   total 733184K, used 469853K [0x00000006e0000000, 0x0000000800000000)
  region size 4096K, 4 young (16384K), 4 survivors (16384K)
 Metaspace       used 162765K, committed 165568K, reserved 1245184K
  class space    used 21698K, committed 23168K, reserved 1048576K
}
Event: 120.836 GC heap before
{Heap before GC invocations=65 (full 0):
 garbage-first heap   total 733184K, used 605021K [0x00000006e0000000, 0x0000000800000000)
  region size 4096K, 38 young (155648K), 4 survivors (16384K)
 Metaspace       used 162842K, committed 165632K, reserved 1245184K
  class space    used 21701K, committed 23168K, reserved 1048576K
}
Event: 120.897 GC heap after
{Heap after GC invocations=66 (full 0):
 garbage-first heap   total 733184K, used 532291K [0x00000006e0000000, 0x0000000800000000)
  region size 4096K, 5 young (20480K), 5 survivors (20480K)
 Metaspace       used 162842K, committed 165632K, reserved 1245184K
  class space    used 21701K, committed 23168K, reserved 1048576K
}
Event: 121.040 GC heap before
{Heap before GC invocations=66 (full 0):
 garbage-first heap   total 733184K, used 630595K [0x00000006e0000000, 0x0000000800000000)
  region size 4096K, 29 young (118784K), 5 survivors (20480K)
 Metaspace       used 162880K, committed 165760K, reserved 1245184K
  class space    used 21701K, committed 23168K, reserved 1048576K
}
Event: 121.082 GC heap after
{Heap after GC invocations=67 (full 0):
 garbage-first heap   total 733184K, used 583991K [0x00000006e0000000, 0x0000000800000000)
  region size 4096K, 4 young (16384K), 4 survivors (16384K)
 Metaspace       used 162880K, committed 165760K, reserved 1245184K
  class space    used 21701K, committed 23168K, reserved 1048576K
}
Event: 121.223 GC heap before
{Heap before GC invocations=67 (full 0):
 garbage-first heap   total 733184K, used 653623K [0x00000006e0000000, 0x0000000800000000)
  region size 4096K, 21 young (86016K), 4 survivors (16384K)
 Metaspace       used 163067K, committed 165952K, reserved 1245184K
  class space    used 21726K, committed 23232K, reserved 1048576K
}
Event: 121.358 GC heap after
{Heap after GC invocations=68 (full 0):
 garbage-first heap   total 1568768K, used 622592K [0x00000006e0000000, 0x0000000800000000)
  region size 4096K, 3 young (12288K), 3 survivors (12288K)
 Metaspace       used 163067K, committed 165952K, reserved 1245184K
  class space    used 21726K, committed 23232K, reserved 1048576K
}
Event: 123.891 GC heap before
{Heap before GC invocations=69 (full 0):
 garbage-first heap   total 1568768K, used 1142784K [0x00000006e0000000, 0x0000000800000000)
  region size 4096K, 124 young (507904K), 3 survivors (12288K)
 Metaspace       used 174515K, committed 177408K, reserved 1245184K
  class space    used 23006K, committed 24512K, reserved 1048576K
}
Event: 123.918 GC heap after
{Heap after GC invocations=70 (full 0):
 garbage-first heap   total 1568768K, used 649835K [0x00000006e0000000, 0x0000000800000000)
  region size 4096K, 10 young (40960K), 10 survivors (40960K)
 Metaspace       used 174515K, committed 177408K, reserved 1245184K
  class space    used 23006K, committed 24512K, reserved 1048576K
}
Event: 127.106 GC heap before
{Heap before GC invocations=70 (full 0):
 garbage-first heap   total 1568768K, used 1198699K [0x00000006e0000000, 0x0000000800000000)
  region size 4096K, 145 young (593920K), 10 survivors (40960K)
 Metaspace       used 177793K, committed 180736K, reserved 1245184K
  class space    used 23381K, committed 24896K, reserved 1048576K
}
Event: 127.170 GC heap after
{Heap after GC invocations=71 (full 0):
 garbage-first heap   total 1568768K, used 703232K [0x00000006e0000000, 0x0000000800000000)
  region size 4096K, 19 young (77824K), 19 survivors (77824K)
 Metaspace       used 177793K, committed 180736K, reserved 1245184K
  class space    used 23381K, committed 24896K, reserved 1048576K
}
Event: 127.811 GC heap before
{Heap before GC invocations=71 (full 0):
 garbage-first heap   total 1568768K, used 953088K [0x00000006e0000000, 0x0000000800000000)
  region size 4096K, 82 young (335872K), 19 survivors (77824K)
 Metaspace       used 178233K, committed 181120K, reserved 1245184K
  class space    used 23417K, committed 24896K, reserved 1048576K
}
Event: 127.867 GC heap after
{Heap after GC invocations=72 (full 0):
 garbage-first heap   total 1568768K, used 730126K [0x00000006e0000000, 0x0000000800000000)
  region size 4096K, 17 young (69632K), 17 survivors (69632K)
 Metaspace       used 178233K, committed 181120K, reserved 1245184K
  class space    used 23417K, committed 24896K, reserved 1048576K
}

Dll operation events (3 events):
Event: 0.015 Loaded shared library C:\Program Files\Android\Android Studio1\jbr\bin\java.dll
Event: 0.021 Loaded shared library C:\Program Files\Android\Android Studio1\jbr\bin\zip.dll
Event: 0.445 Loaded shared library C:\Program Files\Android\Android Studio1\jbr\bin\verify.dll

Deoptimization events (20 events):
Event: 148.741 Thread 0x0000020a752ad510 DEOPT PACKING pc=0x0000020a609733ac sp=0x000000b32f5fb8a0
Event: 148.741 Thread 0x0000020a752ad510 DEOPT UNPACKING pc=0x0000020a5f907da2 sp=0x000000b32f5fb828 mode 2
Event: 148.741 Thread 0x0000020a752ad510 Uncommon trap: trap_request=0xffffffc6 fr.pc=0x0000020a609733ac relative=0x000000000000008c
Event: 148.741 Thread 0x0000020a752ad510 Uncommon trap: reason=bimorphic_or_optimized_type_check action=maybe_recompile pc=0x0000020a609733ac method=com.google.common.collect.AbstractMapBasedMultimap$KeySet$1.hasNext()Z @ 4 c2
Event: 148.741 Thread 0x0000020a752ad510 DEOPT PACKING pc=0x0000020a609733ac sp=0x000000b32f5fb8a0
Event: 148.741 Thread 0x0000020a752ad510 DEOPT UNPACKING pc=0x0000020a5f907da2 sp=0x000000b32f5fb828 mode 2
Event: 148.741 Thread 0x0000020a752ad510 Uncommon trap: trap_request=0xffffffc6 fr.pc=0x0000020a609733ac relative=0x000000000000008c
Event: 148.741 Thread 0x0000020a752ad510 Uncommon trap: reason=bimorphic_or_optimized_type_check action=maybe_recompile pc=0x0000020a609733ac method=com.google.common.collect.AbstractMapBasedMultimap$KeySet$1.hasNext()Z @ 4 c2
Event: 148.741 Thread 0x0000020a752ad510 DEOPT PACKING pc=0x0000020a609733ac sp=0x000000b32f5fb8a0
Event: 148.741 Thread 0x0000020a752ad510 DEOPT UNPACKING pc=0x0000020a5f907da2 sp=0x000000b32f5fb828 mode 2
Event: 148.741 Thread 0x0000020a752ad510 Uncommon trap: trap_request=0xffffffc6 fr.pc=0x0000020a609733ac relative=0x000000000000008c
Event: 148.741 Thread 0x0000020a752ad510 Uncommon trap: reason=bimorphic_or_optimized_type_check action=maybe_recompile pc=0x0000020a609733ac method=com.google.common.collect.AbstractMapBasedMultimap$KeySet$1.hasNext()Z @ 4 c2
Event: 148.741 Thread 0x0000020a752ad510 DEOPT PACKING pc=0x0000020a609733ac sp=0x000000b32f5fb8a0
Event: 148.741 Thread 0x0000020a752ad510 DEOPT UNPACKING pc=0x0000020a5f907da2 sp=0x000000b32f5fb828 mode 2
Event: 148.749 Thread 0x0000020a752adba0 Uncommon trap: trap_request=0xffffff45 fr.pc=0x0000020a60463b94 relative=0x00000000000016b4
Event: 148.749 Thread 0x0000020a752adba0 Uncommon trap: reason=unstable_if action=reinterpret pc=0x0000020a60463b94 method=org.objectweb.asm.SymbolTable.addConstantIntegerOrFloat(II)Lorg/objectweb/asm/Symbol; @ 33 c2
Event: 148.749 Thread 0x0000020a752adba0 DEOPT PACKING pc=0x0000020a60463b94 sp=0x000000b32f9fc1d0
Event: 148.749 Thread 0x0000020a752adba0 DEOPT UNPACKING pc=0x0000020a5f907da2 sp=0x000000b32f9fc0b0 mode 2
Event: 148.771 Thread 0x0000020a752adba0 DEOPT PACKING pc=0x0000020a59ab6ed3 sp=0x000000b32f9fc2a0
Event: 148.771 Thread 0x0000020a752adba0 DEOPT UNPACKING pc=0x0000020a5f9088e2 sp=0x000000b32f9fb710 mode 0

Classes loaded (20 events):
Event: 129.870 Loading class sun/rmi/server/LoaderHandler$Loader
Event: 129.870 Loading class sun/rmi/server/LoaderHandler$Loader done
Event: 129.875 Loading class java/rmi/server/ServerNotActiveException
Event: 129.875 Loading class java/rmi/server/ServerNotActiveException done
Event: 129.878 Loading class sun/rmi/transport/DGCAckHandler
Event: 129.878 Loading class sun/rmi/transport/DGCAckHandler done
Event: 129.887 Loading class sun/rmi/transport/DGCAckHandler$1
Event: 129.887 Loading class sun/rmi/transport/DGCAckHandler$1 done
Event: 129.919 Loading class sun/rmi/transport/tcp/TCPTransport$ConnectionHandler
Event: 129.920 Loading class sun/rmi/transport/tcp/TCPTransport$ConnectionHandler done
Event: 129.923 Loading class sun/rmi/transport/Transport$1
Event: 129.923 Loading class sun/rmi/transport/Transport$1 done
Event: 129.924 Loading class sun/rmi/transport/DGCImpl$LeaseInfo
Event: 129.924 Loading class sun/rmi/transport/DGCImpl$LeaseInfo done
Event: 129.924 Loading class sun/rmi/transport/DGCImpl$1
Event: 129.924 Loading class sun/rmi/transport/DGCImpl$1 done
Event: 129.924 Loading class sun/rmi/transport/SequenceEntry
Event: 129.924 Loading class sun/rmi/transport/SequenceEntry done
Event: 148.694 Loading class java/util/zip/ZipFile$ZipEntryIterator
Event: 148.695 Loading class java/util/zip/ZipFile$ZipEntryIterator done

Classes unloaded (20 events):
Event: 10.675 Thread 0x0000020a700b0060 Unloading class 0x00000008008dc800 'JetGradlePlugin$_apply_closure1$_closure2$_closure3'
Event: 10.675 Thread 0x0000020a700b0060 Unloading class 0x00000008008dc400 'JetGradlePlugin$_apply_closure1$_closure2'
Event: 10.675 Thread 0x0000020a700b0060 Unloading class 0x00000008008dc000 'JetGradlePlugin$_apply_closure1'
Event: 10.675 Thread 0x0000020a700b0060 Unloading class 0x00000008008d12e0 'JetGradlePlugin'
Event: 10.675 Thread 0x0000020a700b0060 Unloading class 0x00000008008d1000 'RegistryProcessor'
Event: 120.239 Thread 0x0000020a700b0060 Unloading class 0x00000008014cec00 'jdk/internal/reflect/GeneratedSerializationConstructorAccessor503'
Event: 120.239 Thread 0x0000020a700b0060 Unloading class 0x00000008014ce000 'java/lang/invoke/LambdaForm$MH+0x00000008014ce000'
Event: 120.239 Thread 0x0000020a700b0060 Unloading class 0x00000008014cd800 'java/lang/invoke/LambdaForm$MH+0x00000008014cd800'
Event: 120.239 Thread 0x0000020a700b0060 Unloading class 0x00000008014cd400 'java/lang/invoke/LambdaForm$DMH+0x00000008014cd400'
Event: 120.239 Thread 0x0000020a700b0060 Unloading class 0x00000008014cc800 'java/lang/invoke/LambdaForm$MH+0x00000008014cc800'
Event: 120.239 Thread 0x0000020a700b0060 Unloading class 0x00000008014cc400 'java/lang/invoke/LambdaForm$MH+0x00000008014cc400'
Event: 120.239 Thread 0x0000020a700b0060 Unloading class 0x00000008014cbc00 'java/lang/invoke/LambdaForm$MH+0x00000008014cbc00'
Event: 120.239 Thread 0x0000020a700b0060 Unloading class 0x00000008014cb000 'java/lang/invoke/LambdaForm$MH+0x00000008014cb000'
Event: 120.239 Thread 0x0000020a700b0060 Unloading class 0x00000008014ca800 'java/lang/invoke/LambdaForm$MH+0x00000008014ca800'
Event: 120.239 Thread 0x0000020a700b0060 Unloading class 0x00000008014ca000 'java/lang/invoke/LambdaForm$DMH+0x00000008014ca000'
Event: 120.239 Thread 0x0000020a700b0060 Unloading class 0x00000008014c9c00 'java/lang/invoke/LambdaForm$MH+0x00000008014c9c00'
Event: 120.239 Thread 0x0000020a700b0060 Unloading class 0x00000008014c9000 'java/lang/invoke/LambdaForm$MH+0x00000008014c9000'
Event: 120.239 Thread 0x0000020a700b0060 Unloading class 0x00000008014c8800 'java/lang/invoke/LambdaForm$MH+0x00000008014c8800'
Event: 120.239 Thread 0x0000020a700b0060 Unloading class 0x00000008014c8000 'java/lang/invoke/LambdaForm$MH+0x00000008014c8000'
Event: 121.590 Thread 0x0000020a700b0060 Unloading class 0x00000008014cec00 'java/lang/invoke/LambdaForm$DMH+0x00000008014cec00'

Classes redefined (0 events):
No events

Internal exceptions (20 events):
Event: 129.801 Thread 0x0000020a75504b20 Exception <a 'java/lang/NoSuchMethodError'{0x000000072c136ea8}: static Lorg/jetbrains/kotlin/daemon/common/LoopbackNetworkInterface$ClientLoopbackSocketFactory;.<clinit>()V> (0x000000072c136ea8) 
thrown [s\src\hotspot\share\prims\jni.cpp, line 1139]
Event: 129.812 Thread 0x0000020a75504b20 Exception <a 'java/lang/NoSuchMethodError'{0x000000072c1c3b00}: static [Ljava/rmi/server/ObjID;.<clinit>()V> (0x000000072c1c3b00) 
thrown [s\src\hotspot\share\prims\jni.cpp, line 1139]
Event: 129.820 Thread 0x0000020a7fa9d3e0 Exception <a 'java/lang/NoSuchMethodError'{0x000000072c1d3418}: 'java.lang.Object java.lang.invoke.DirectMethodHandle$Holder.newInvokeSpecial(java.lang.Object, java.lang.Object, int, java.lang.Object, long)'> (0x000000072c1d3418) 
thrown [s\src\hotspot\share\interpreter\linkResolver.cpp, line 784]
Event: 129.838 Thread 0x0000020a75504b20 Exception <a 'java/lang/NoSuchMethodError'{0x000000072c28efe0}: static Lorg/jetbrains/kotlin/daemon/common/CompileService$CallResult;.<clinit>()V> (0x000000072c28efe0) 
thrown [s\src\hotspot\share\prims\jni.cpp, line 1139]
Event: 129.838 Thread 0x0000020a75504b20 Exception <a 'java/lang/NoSuchMethodError'{0x000000072c29b248}: static Lorg/jetbrains/kotlin/daemon/common/CompileService$CallResult$Good;.<clinit>()V> (0x000000072c29b248) 
thrown [s\src\hotspot\share\prims\jni.cpp, line 1139]
Event: 129.838 Thread 0x0000020a75504b20 Exception <a 'java/lang/NoSuchMethodError'{0x000000072c2a82c8}: static Lorg/jetbrains/kotlin/daemon/common/DaemonJVMOptions;.<clinit>()V> (0x000000072c2a82c8) 
thrown [s\src\hotspot\share\prims\jni.cpp, line 1139]
Event: 129.845 Thread 0x0000020a75504b20 Exception <a 'java/lang/NoSuchMethodError'{0x000000072c2c4b18}: static Lorg/jetbrains/kotlin/daemon/common/CompileService$CallResult$Ok;.<clinit>()V> (0x000000072c2c4b18) 
thrown [s\src\hotspot\share\prims\jni.cpp, line 1139]
Event: 129.871 Thread 0x0000020a75504b20 Exception <a 'java/lang/NoSuchMethodError'{0x000000072bc7ff70}: static [Ljava/lang/Integer;.<clinit>()V> (0x000000072bc7ff70) 
thrown [s\src\hotspot\share\prims\jni.cpp, line 1139]
Event: 147.348 Thread 0x0000020a7fa9a5f0 Exception <a 'java/lang/NoSuchMethodError'{0x000000072be9a7c0}: 'void java.lang.invoke.DirectMethodHandle$Holder.invokeInterface(java.lang.Object, java.lang.Object, int, java.lang.Object)'> (0x000000072be9a7c0) 
thrown [s\src\hotspot\share\interpreter\linkResolver.cpp, line 784]
Event: 147.348 Thread 0x0000020a7fa9a5f0 Exception <a 'java/lang/NoSuchMethodError'{0x000000072be9dde0}: 'void java.lang.invoke.DelegatingMethodHandle$Holder.reinvoke_L(java.lang.Object, java.lang.Object, int, java.lang.Object)'> (0x000000072be9dde0) 
thrown [s\src\hotspot\share\interpreter\linkResolver.cpp, line 784]
Event: 147.357 Thread 0x0000020a7fa9a5f0 Exception <a 'java/lang/NoSuchMethodError'{0x000000072b832688}: 'void java.lang.invoke.DelegatingMethodHandle$Holder.reinvoke_L(java.lang.Object, java.lang.Object, int, int, java.lang.Object, java.lang.Object)'> (0x000000072b832688) 
thrown [s\src\hotspot\share\interpreter\linkResolver.cpp, line 784]
Event: 148.675 Thread 0x0000020a752ad510 Exception <a 'sun/nio/fs/WindowsException'{0x000000072c7e76f8}> (0x000000072c7e76f8) 
thrown [s\src\hotspot\share\prims\jni.cpp, line 535]
Event: 148.676 Thread 0x0000020a752adba0 Exception <a 'sun/nio/fs/WindowsException'{0x000000072b40a550}> (0x000000072b40a550) 
thrown [s\src\hotspot\share\prims\jni.cpp, line 535]
Event: 148.677 Thread 0x0000020a752adba0 Exception <a 'sun/nio/fs/WindowsException'{0x000000072b40c9e8}> (0x000000072b40c9e8) 
thrown [s\src\hotspot\share\prims\jni.cpp, line 535]
Event: 148.677 Thread 0x0000020a752adba0 Exception <a 'sun/nio/fs/WindowsException'{0x000000072b40e920}> (0x000000072b40e920) 
thrown [s\src\hotspot\share\prims\jni.cpp, line 535]
Event: 148.689 Thread 0x0000020a752adba0 Exception <a 'java/lang/NoSuchMethodError'{0x000000072b5010d8}: static Ljava/lang/Object;.<clinit>()V> (0x000000072b5010d8) 
thrown [s\src\hotspot\share\prims\jni.cpp, line 1139]
Event: 148.696 Thread 0x0000020a752adba0 Implicit null exception at 0x0000020a5fe7e3ef to 0x0000020a5fe7ef40
Event: 148.721 Thread 0x0000020a752ad510 Implicit null exception at 0x0000020a6099ddbe to 0x0000020a6099de8c
Event: 148.767 Thread 0x0000020a752ad510 Exception <a 'sun/nio/fs/WindowsException'{0x000000072b7dca38}> (0x000000072b7dca38) 
thrown [s\src\hotspot\share\prims\jni.cpp, line 535]
Event: 148.768 Thread 0x0000020a752ad510 Exception <a 'sun/nio/fs/WindowsException'{0x000000072b7def20}> (0x000000072b7def20) 
thrown [s\src\hotspot\share\prims\jni.cpp, line 535]

ZGC Phase Switch (0 events):
No events

VM Operations (20 events):
Event: 129.767 Executing VM operation: HandshakeAllThreads (Deoptimize)
Event: 129.767 Executing VM operation: HandshakeAllThreads (Deoptimize) done
Event: 129.827 Executing VM operation: HandshakeAllThreads (Deoptimize)
Event: 129.827 Executing VM operation: HandshakeAllThreads (Deoptimize) done
Event: 129.827 Executing VM operation: Cleanup
Event: 129.827 Executing VM operation: Cleanup done
Event: 130.841 Executing VM operation: Cleanup
Event: 130.841 Executing VM operation: Cleanup done
Event: 134.883 Executing VM operation: Cleanup
Event: 134.883 Executing VM operation: Cleanup done
Event: 141.943 Executing VM operation: Cleanup
Event: 141.943 Executing VM operation: Cleanup done
Event: 144.980 Executing VM operation: Cleanup
Event: 144.981 Executing VM operation: Cleanup done
Event: 148.016 Executing VM operation: Cleanup
Event: 148.016 Executing VM operation: Cleanup done
Event: 148.712 Executing VM operation: HandshakeAllThreads (Deoptimize)
Event: 148.713 Executing VM operation: HandshakeAllThreads (Deoptimize) done
Event: 148.727 Executing VM operation: HandshakeAllThreads (Deoptimize)
Event: 148.728 Executing VM operation: HandshakeAllThreads (Deoptimize) done

Memory protections (0 events):
No events

Nmethod flushes (20 events):
Event: 128.411 Thread 0x0000020a700b0060 flushing  nmethod 0x0000020a5a353b90
Event: 128.411 Thread 0x0000020a700b0060 flushing  nmethod 0x0000020a5a3aeb10
Event: 128.411 Thread 0x0000020a700b0060 flushing  nmethod 0x0000020a5a3b0910
Event: 128.411 Thread 0x0000020a700b0060 flushing  nmethod 0x0000020a5a3b0d10
Event: 128.411 Thread 0x0000020a700b0060 flushing  nmethod 0x0000020a5a3b2010
Event: 128.411 Thread 0x0000020a700b0060 flushing  nmethod 0x0000020a5a3b2490
Event: 128.411 Thread 0x0000020a700b0060 flushing  nmethod 0x0000020a5a3b2890
Event: 128.411 Thread 0x0000020a700b0060 flushing  nmethod 0x0000020a5a3b2c10
Event: 128.411 Thread 0x0000020a700b0060 flushing  nmethod 0x0000020a5a3b3110
Event: 128.411 Thread 0x0000020a700b0060 flushing  nmethod 0x0000020a5a3b3990
Event: 128.411 Thread 0x0000020a700b0060 flushing  nmethod 0x0000020a5a3b3e10
Event: 128.411 Thread 0x0000020a700b0060 flushing  nmethod 0x0000020a5a3d2190
Event: 128.411 Thread 0x0000020a700b0060 flushing  nmethod 0x0000020a5a3d3810
Event: 128.411 Thread 0x0000020a700b0060 flushing  nmethod 0x0000020a5a3d6690
Event: 128.411 Thread 0x0000020a700b0060 flushing  nmethod 0x0000020a5a3d6c90
Event: 128.411 Thread 0x0000020a700b0060 flushing  nmethod 0x0000020a5a412d10
Event: 128.411 Thread 0x0000020a700b0060 flushing  nmethod 0x0000020a5a413810
Event: 128.411 Thread 0x0000020a700b0060 flushing  nmethod 0x0000020a5a415f10
Event: 128.411 Thread 0x0000020a700b0060 flushing  nmethod 0x0000020a5a4b3890
Event: 128.411 Thread 0x0000020a700b0060 flushing  nmethod 0x0000020a5a4b3d10

Events (20 events):
Event: 129.238 Thread 0x0000020a77313c10 Thread exited: 0x0000020a77313c10
Event: 129.238 Thread 0x0000020a77313580 Thread exited: 0x0000020a77313580
Event: 129.238 Thread 0x0000020a77311b40 Thread exited: 0x0000020a77311b40
Event: 129.238 Thread 0x0000020a7730fa70 Thread exited: 0x0000020a7730fa70
Event: 129.238 Thread 0x0000020a77312860 Thread exited: 0x0000020a77312860
Event: 129.240 Thread 0x0000020a7730bf60 Thread exited: 0x0000020a7730bf60
Event: 129.240 Thread 0x0000020a773121d0 Thread exited: 0x0000020a773121d0
Event: 129.241 Thread 0x0000020a773114b0 Thread exited: 0x0000020a773114b0
Event: 129.738 Thread 0x0000020a7fa9cd50 Thread exited: 0x0000020a7fa9cd50
Event: 129.742 Thread 0x0000020a7c287ee0 Thread exited: 0x0000020a7c287ee0
Event: 129.802 Thread 0x0000020a75504b20 Thread added: 0x0000020a7fa9cd50
Event: 129.808 Thread 0x0000020a75504b20 Thread added: 0x0000020a7fa9d3e0
Event: 129.809 Loaded shared library C:\Program Files\Android\Android Studio1\jbr\bin\rmi.dll
Event: 129.810 Thread 0x0000020a75504b20 Thread added: 0x0000020a7fa99f60
Event: 129.867 Thread 0x0000020a75504b20 Thread added: 0x0000020a7fa9da70
Event: 129.867 Thread 0x0000020a75504b20 Thread added: 0x0000020a7fa9e790
Event: 129.920 Thread 0x0000020a7fa9da70 Thread added: 0x0000020a7fa9a5f0
Event: 130.463 Thread 0x0000020a775676f0 Thread exited: 0x0000020a775676f0
Event: 148.522 Thread 0x0000020a70108830 Thread added: 0x0000020a09fae760
Event: 148.678 Thread 0x0000020a7010a950 Thread added: 0x0000020a09faee30


Dynamic libraries:
0x00007ff65ab20000 - 0x00007ff65ab2a000 	C:\Program Files\Android\Android Studio1\jbr\bin\java.exe
0x00007ff8821e0000 - 0x00007ff882445000 	C:\WINDOWS\SYSTEM32\ntdll.dll
0x00007ff8801a0000 - 0x00007ff880269000 	C:\WINDOWS\System32\KERNEL32.DLL
0x00007ff87f360000 - 0x00007ff87f748000 	C:\WINDOWS\System32\KERNELBASE.dll
0x00007ff87fc00000 - 0x00007ff87fd4b000 	C:\WINDOWS\System32\ucrtbase.dll
0x00007ff86b2e0000 - 0x00007ff86b2fb000 	C:\Program Files\Android\Android Studio1\jbr\bin\VCRUNTIME140.dll
0x00007ff8655a0000 - 0x00007ff8655b8000 	C:\Program Files\Android\Android Studio1\jbr\bin\jli.dll
0x00007ff880ee0000 - 0x00007ff8810aa000 	C:\WINDOWS\System32\USER32.dll
0x00007ff87f330000 - 0x00007ff87f357000 	C:\WINDOWS\System32\win32u.dll
0x00007ff880170000 - 0x00007ff88019b000 	C:\WINDOWS\System32\GDI32.dll
0x00007ff8630c0000 - 0x00007ff86335a000 	C:\WINDOWS\WinSxS\amd64_microsoft.windows.common-controls_6595b64144ccf1df_6.0.26100.4202_none_3e0698d4e335f517\COMCTL32.dll
0x00007ff87f990000 - 0x00007ff87fac7000 	C:\WINDOWS\System32\gdi32full.dll
0x00007ff8810b0000 - 0x00007ff881159000 	C:\WINDOWS\System32\msvcrt.dll
0x00007ff87fd50000 - 0x00007ff87fdf3000 	C:\WINDOWS\System32\msvcp_win.dll
0x00007ff882160000 - 0x00007ff882190000 	C:\WINDOWS\System32\IMM32.DLL
0x00007ff8653d0000 - 0x00007ff8653dc000 	C:\Program Files\Android\Android Studio1\jbr\bin\vcruntime140_1.dll
0x00007ff8653e0000 - 0x00007ff86546d000 	C:\Program Files\Android\Android Studio1\jbr\bin\msvcp140.dll
0x00007fffba580000 - 0x00007fffbb20b000 	C:\Program Files\Android\Android Studio1\jbr\bin\server\jvm.dll
0x00007ff880330000 - 0x00007ff8803e3000 	C:\WINDOWS\System32\ADVAPI32.dll
0x00007ff8817c0000 - 0x00007ff881866000 	C:\WINDOWS\System32\sechost.dll
0x00007ff8804b0000 - 0x00007ff8805c5000 	C:\WINDOWS\System32\RPCRT4.dll
0x00007ff881960000 - 0x00007ff8819d4000 	C:\WINDOWS\System32\WS2_32.dll
0x00007ff87eb90000 - 0x00007ff87ebee000 	C:\WINDOWS\SYSTEM32\POWRPROF.dll
0x00007ff872740000 - 0x00007ff872775000 	C:\WINDOWS\SYSTEM32\WINMM.dll
0x00007ff87ce70000 - 0x00007ff87ce7b000 	C:\WINDOWS\SYSTEM32\VERSION.dll
0x00007ff87eb70000 - 0x00007ff87eb84000 	C:\WINDOWS\SYSTEM32\UMPDC.dll
0x00007ff87e0b0000 - 0x00007ff87e0cb000 	C:\WINDOWS\SYSTEM32\kernel.appcore.dll
0x00007ff8653c0000 - 0x00007ff8653ca000 	C:\Program Files\Android\Android Studio1\jbr\bin\jimage.dll
0x00007ff87bf60000 - 0x00007ff87c1a1000 	C:\WINDOWS\SYSTEM32\DBGHELP.DLL
0x00007ff881d50000 - 0x00007ff8820d5000 	C:\WINDOWS\System32\combase.dll
0x00007ff880080000 - 0x00007ff880161000 	C:\WINDOWS\System32\OLEAUT32.dll
0x00007ff8628f0000 - 0x00007ff862929000 	C:\WINDOWS\SYSTEM32\dbgcore.DLL
0x00007ff87fad0000 - 0x00007ff87fb69000 	C:\WINDOWS\System32\bcryptPrimitives.dll
0x00007ff87cdc0000 - 0x00007ff87cdce000 	C:\Program Files\Android\Android Studio1\jbr\bin\instrument.dll
0x00007ff8653a0000 - 0x00007ff8653c0000 	C:\Program Files\Android\Android Studio1\jbr\bin\java.dll
0x00007ff865380000 - 0x00007ff865398000 	C:\Program Files\Android\Android Studio1\jbr\bin\zip.dll
0x00007ff880790000 - 0x00007ff880ed2000 	C:\WINDOWS\System32\SHELL32.dll
0x00007ff87f810000 - 0x00007ff87f984000 	C:\WINDOWS\System32\wintypes.dll
0x00007ff87cf70000 - 0x00007ff87d7c8000 	C:\WINDOWS\SYSTEM32\windows.storage.dll
0x00007ff87ff80000 - 0x00007ff880071000 	C:\WINDOWS\System32\SHCORE.dll
0x00007ff881890000 - 0x00007ff8818fa000 	C:\WINDOWS\System32\shlwapi.dll
0x00007ff87f240000 - 0x00007ff87f26f000 	C:\WINDOWS\SYSTEM32\profapi.dll
0x00007ff865370000 - 0x00007ff865380000 	C:\Program Files\Android\Android Studio1\jbr\bin\net.dll
0x00007ff875490000 - 0x00007ff8755ae000 	C:\WINDOWS\SYSTEM32\WINHTTP.dll
0x00007ff87e600000 - 0x00007ff87e66a000 	C:\WINDOWS\system32\mswsock.dll
0x00007ff865350000 - 0x00007ff865366000 	C:\Program Files\Android\Android Studio1\jbr\bin\nio.dll
0x00007ff85f8a0000 - 0x00007ff85f8b0000 	C:\Program Files\Android\Android Studio1\jbr\bin\verify.dll
0x00007ff865540000 - 0x00007ff865567000 	C:\Users\Admin\.gradle\native\c067742578af261105cb4f569cf0c3c89f3d7b1fecec35dd04571415982c5e48\windows-amd64\native-platform.dll
0x00007ff807cf0000 - 0x00007ff807e34000 	C:\Users\Admin\.gradle\native\100fb08df4bc3b14c8652ba06237920a3bd2aa13389f12d3474272988ae205f9\windows-amd64\native-platform-file-events.dll
0x00007ff865290000 - 0x00007ff865299000 	C:\Program Files\Android\Android Studio1\jbr\bin\management.dll
0x00007ff85f8c0000 - 0x00007ff85f8cb000 	C:\Program Files\Android\Android Studio1\jbr\bin\management_ext.dll
0x00007ff8805d0000 - 0x00007ff8805d8000 	C:\WINDOWS\System32\PSAPI.DLL
0x00007ff87e9e0000 - 0x00007ff87e9fb000 	C:\WINDOWS\SYSTEM32\CRYPTSP.dll
0x00007ff87e010000 - 0x00007ff87e04a000 	C:\WINDOWS\system32\rsaenh.dll
0x00007ff87e6a0000 - 0x00007ff87e6cb000 	C:\WINDOWS\SYSTEM32\USERENV.dll
0x00007ff87f210000 - 0x00007ff87f236000 	C:\WINDOWS\SYSTEM32\bcrypt.dll
0x00007ff87e840000 - 0x00007ff87e84c000 	C:\WINDOWS\SYSTEM32\CRYPTBASE.dll
0x00007ff87dac0000 - 0x00007ff87daf3000 	C:\WINDOWS\SYSTEM32\IPHLPAPI.DLL
0x00007ff881640000 - 0x00007ff88164a000 	C:\WINDOWS\System32\NSI.dll
0x00007ff8652f0000 - 0x00007ff8652f9000 	C:\Program Files\Android\Android Studio1\jbr\bin\extnet.dll
0x00007ff811970000 - 0x00007ff811978000 	C:\WINDOWS\system32\wshunix.dll
0x00007ff87db00000 - 0x00007ff87dc27000 	C:\WINDOWS\SYSTEM32\DNSAPI.dll
0x00007ff8722b0000 - 0x00007ff8722bb000 	C:\Windows\System32\rasadhlp.dll
0x00007ff874520000 - 0x00007ff8745a6000 	C:\WINDOWS\System32\fwpuclnt.dll
0x00007ff81dca0000 - 0x00007ff81dcb8000 	C:\WINDOWS\system32\napinsp.dll
0x00007ff81dcc0000 - 0x00007ff81dcd2000 	C:\WINDOWS\System32\winrnr.dll
0x00007ff835760000 - 0x00007ff835790000 	C:\WINDOWS\system32\nlansp_c.dll
0x00007ff85e660000 - 0x00007ff85e680000 	C:\WINDOWS\system32\wshbth.dll
0x00007ff87e1d0000 - 0x00007ff87e206000 	C:\WINDOWS\SYSTEM32\ntmarta.dll
0x00007ff8655c0000 - 0x00007ff8655de000 	C:\Users\Admin\AppData\Local\Temp\native-platform6925542266305666470dir\native-platform.dll
0x00007ff8655f0000 - 0x00007ff8655f7000 	C:\Program Files\Android\Android Studio1\jbr\bin\rmi.dll

dbghelp: loaded successfully - version: 4.0.5 - missing functions: none
symbol engine: initialized successfully - sym options: 0x614 - pdb path: .;C:\Program Files\Android\Android Studio1\jbr\bin;C:\WINDOWS\SYSTEM32;C:\WINDOWS\WinSxS\amd64_microsoft.windows.common-controls_6595b64144ccf1df_6.0.26100.4202_none_3e0698d4e335f517;C:\Program Files\Android\Android Studio1\jbr\bin\server;C:\Users\Admin\.gradle\native\c067742578af261105cb4f569cf0c3c89f3d7b1fecec35dd04571415982c5e48\windows-amd64;C:\Users\Admin\.gradle\native\100fb08df4bc3b14c8652ba06237920a3bd2aa13389f12d3474272988ae205f9\windows-amd64;C:\Users\Admin\AppData\Local\Temp\native-platform6925542266305666470dir

VM Arguments:
jvm_args: --add-exports=java.base/sun.nio.ch=ALL-UNNAMED --add-opens=java.base/java.lang=ALL-UNNAMED --add-opens=java.base/java.lang.reflect=ALL-UNNAMED --add-opens=java.base/java.io=ALL-UNNAMED --add-exports=jdk.unsupported/sun.misc=ALL-UNNAMED --add-opens=java.base/java.util=ALL-UNNAMED --add-opens=java.base/java.lang=ALL-UNNAMED --add-opens=java.base/java.lang.invoke=ALL-UNNAMED --add-opens=java.prefs/java.util.prefs=ALL-UNNAMED --add-opens=java.base/java.nio.charset=ALL-UNNAMED --add-opens=java.base/java.net=ALL-UNNAMED --add-opens=java.base/java.util.concurrent.atomic=ALL-UNNAMED -Xmx4608m -Dfile.encoding=UTF-8 -Duser.country=US -Duser.language=en -Duser.variant -javaagent:C:\Users\Admin\.gradle\wrapper\dists\gradle-8.8-bin\dl7vupf4psengwqhwktix4v1\gradle-8.8\lib\agents\gradle-instrumentation-agent-8.8.jar 
java_command: org.gradle.launcher.daemon.bootstrap.GradleDaemon 8.8
java_class_path (initial): C:\Users\Admin\.gradle\wrapper\dists\gradle-8.8-bin\dl7vupf4psengwqhwktix4v1\gradle-8.8\lib\gradle-launcher-8.8.jar
Launcher Type: SUN_STANDARD

[Global flags]
     intx CICompilerCount                          = 4                                         {product} {ergonomic}
     uint ConcGCThreads                            = 3                                         {product} {ergonomic}
     uint G1ConcRefinementThreads                  = 10                                        {product} {ergonomic}
   size_t G1HeapRegionSize                         = 4194304                                   {product} {ergonomic}
    uintx GCDrainStackTargetSize                   = 64                                        {product} {ergonomic}
   size_t InitialHeapSize                          = 264241152                                 {product} {ergonomic}
   size_t MarkStackSize                            = 4194304                                   {product} {ergonomic}
   size_t MaxHeapSize                              = 4831838208                                {product} {command line}
   size_t MaxNewSize                               = 2898264064                                {product} {ergonomic}
   size_t MinHeapDeltaBytes                        = 4194304                                   {product} {ergonomic}
   size_t MinHeapSize                              = 8388608                                   {product} {ergonomic}
    uintx NonNMethodCodeHeapSize                   = 5839372                                {pd product} {ergonomic}
    uintx NonProfiledCodeHeapSize                  = 122909434                              {pd product} {ergonomic}
    uintx ProfiledCodeHeapSize                     = 122909434                              {pd product} {ergonomic}
    uintx ReservedCodeCacheSize                    = 251658240                              {pd product} {ergonomic}
     bool SegmentedCodeCache                       = true                                      {product} {ergonomic}
   size_t SoftMaxHeapSize                          = 4831838208                             {manageable} {ergonomic}
     bool UseCompressedOops                        = true                           {product lp64_product} {ergonomic}
     bool UseG1GC                                  = true                                      {product} {ergonomic}
     bool UseLargePagesIndividualAllocation        = false                                  {pd product} {ergonomic}

Logging:
Log output configuration:
 #0: stdout all=warning uptime,level,tags foldmultilines=false
 #1: stderr all=off uptime,level,tags foldmultilines=false

Environment Variables:
PATH=C:\Program Files\NVIDIA GPU Computing Toolkit\CUDA\v11.8\bin;C:\Program Files\NVIDIA GPU Computing Toolkit\CUDA\v11.8\libnvvp;C:\Program Files\Common Files\Oracle\Java\javapath;C:\WINDOWS\system32;C:\WINDOWS;C:\WINDOWS\System32\Wbem;C:\WINDOWS\System32\WindowsPowerShell\v1.0\;C:\WINDOWS\System32\OpenSSH\;C:\Program Files\nodejs\;C:\Program Files\Git\cmd;C:\Program Files\Java\jdk-11\bin;C:\Program Files\NVIDIA Corporation\NVIDIA NvDLISR;C:\Program Files (x86)\NVIDIA Corporation\PhysX\Common;C:\Program Files\NVIDIA Corporation\Nsight Compute 2022.3.0\;C:\Program Files\dotnet\;C:\xampp\php;C:\ProgramData\ComposerSetup\bin;C:\poppler-24\poppler-24.08.0\Library\bin;C:\Program Files\Tesseract-OCR\;C:\Users\Admin\AppData\Local\Programs\Eclipse Adoptium\jdk-17.0.16.8-hotspot\bin;C:\Users\Admin\AppData\Local\Programs\Eclipse Adoptium\jdk-21.0.8.9-hotspot\bin;C:\Users\Admin\AppData\Local\Programs\Python\Python313\Scripts\;C:\Users\Admin\AppData\Local\Programs\Python\Python313\;C:\Users\Admin\AppData\Local\Programs\Python\Launcher\;C:\Program Files\MySQL\MySQL Shell 8.0\bin\;C:\Users\Admin\AppData\Local\Microsoft\WindowsApps;C:\Users\Admin\AppData\Local\Programs\Microsoft VS Code\bin;C:\Users\Admin\AppData\Roaming\npm;C:\Users\Admin\Documents\flutter\bin;C:\Users\Admin\AppData\Local\Pub\Cache\bin;C:\Users\Admin\AppData\Local\Programs\Ollama;C:\Users\Admin\AppData\Local\GitHubDesktop\bin;C:\Users\Admin\AppData\Roaming\Composer\vendor\bin
USERNAME=Admin
OS=Windows_NT
PROCESSOR_IDENTIFIER=Intel64 Family 6 Model 141 Stepping 1, GenuineIntel
TMP=C:\Users\Admin\AppData\Local\Temp
TEMP=C:\Users\Admin\AppData\Local\Temp




Periodic native trim disabled

JNI global refs:
JNI global refs: 31, weak refs: 15

JNI global refs memory usage: 835, weak refs: 833

Process memory usage:
Resident Set Size: 1939316K (11% of 16471716K total physical memory with 767608K free physical memory)

OOME stack traces (most recent first):
Classloader memory used:
Loader org.gradle.internal.classloader.VisitableURLClassLoader$InstrumentingVisitableURLClassLoader: 61424K
Loader org.gradle.internal.classloader.VisitableURLClassLoader                         : 51032K
Loader bootstrap                                                                       : 38024K
Loader org.gradle.initialization.MixInLegacyTypesClassLoader                           : 18300K
Loader org.gradle.internal.classloader.VisitableURLClassLoader                         : 8584K
Loader jdk.internal.reflect.DelegatingClassLoader                                      : 2046K
Loader jdk.internal.loader.ClassLoaders$PlatformClassLoader                            : 834K
Loader org.gradle.groovy.scripts.internal.DefaultScriptCompilationHandler$ScriptClassLoader: 371K
Loader jdk.internal.loader.ClassLoaders$AppClassLoader                                 : 230K
Loader org.codehaus.groovy.runtime.callsite.CallSiteClassLoader                        : 77896B
Loader sun.reflect.misc.MethodUtil                                                     : 2952B

Classes loaded by more than one classloader:
Class com.google.common.collect.Iterables                                             : loaded 3 times (x 67B)
Class com.google.common.collect.Iterators$MergingIterator                             : loaded 3 times (x 77B)
Class com.google.common.collect.ImmutableList$SubList                                 : loaded 3 times (x 204B)
Class com.google.common.collect.ForwardingObject                                      : loaded 3 times (x 68B)
Class com.google.common.collect.RegularImmutableMap$KeySet                            : loaded 3 times (x 146B)
Class com.google.common.collect.ImmutableSet$SetBuilderImpl                           : loaded 3 times (x 72B)
Class com.google.common.collect.ImmutableList                                         : loaded 3 times (x 202B)
Class com.google.common.base.CharMatcher$InRange                                      : loaded 3 times (x 107B)
Class com.google.common.collect.ImmutableSet$Builder                                  : loaded 3 times (x 81B)
Class com.google.common.collect.SetMultimap                                           : loaded 3 times (x 66B)
Class com.google.common.collect.ImmutableMapEntrySet$RegularEntrySet                  : loaded 3 times (x 147B)
Class com.google.common.collect.RangeSet                                              : loaded 3 times (x 66B)
Class com.google.common.base.CharMatcher$NamedFastMatcher                             : loaded 3 times (x 108B)
Class com.google.common.base.CharMatcher$1                                            : loaded 3 times (x 109B)
Class com.google.common.base.Joiner$2                                                 : loaded 3 times (x 75B)
Class com.google.common.collect.RangeGwtSerializationDependencies                     : loaded 3 times (x 67B)
Class com.google.common.base.CharMatcher                                              : loaded 3 times (x 107B)
Class com.google.common.collect.PeekingIterator                                       : loaded 3 times (x 66B)
Class com.google.common.base.Joiner$1                                                 : loaded 3 times (x 76B)
Class com.google.common.base.CharMatcher$IsEither                                     : loaded 3 times (x 107B)
Class com.google.common.collect.ImmutableSetMultimap                                  : loaded 3 times (x 176B)
Class com.google.common.base.Preconditions                                            : loaded 3 times (x 67B)
Class com.google.common.base.CharMatcher$Is                                           : loaded 3 times (x 107B)
Class com.google.common.base.CharMatcher$Negated                                      : loaded 3 times (x 109B)
Class com.google.common.collect.RegularImmutableMap$BucketOverflowException           : loaded 3 times (x 78B)
Class com.google.common.collect.ImmutableSet$RegularSetBuilderImpl                    : loaded 3 times (x 73B)
Class com.google.common.collect.ImmutableRangeSet$ComplementRanges                    : loaded 3 times (x 203B)
Class org.gradle.internal.IoActions                                                   : loaded 3 times (x 67B)
Class org.gradle.api.GradleException                                                  : loaded 3 times (x 78B)
Class com.google.common.collect.ImmutableEntry                                        : loaded 3 times (x 78B)
Class [Lcom.google.common.collect.AbstractMapEntry;                                   : loaded 3 times (x 65B)
Class com.google.common.base.CharMatcher$NegatedFastMatcher                           : loaded 3 times (x 109B)
Class com.google.common.collect.AbstractRangeSet                                      : loaded 3 times (x 110B)
Class com.google.common.base.Predicate                                                : loaded 3 times (x 66B)
Class com.google.common.collect.ImmutableList$1                                       : loaded 3 times (x 93B)
Class com.google.common.collect.ImmutableMap                                          : loaded 3 times (x 116B)
Class com.google.common.base.CharMatcher$FastMatcher                                  : loaded 3 times (x 107B)
Class org.gradle.internal.Cast                                                        : loaded 3 times (x 67B)
Class org.gradle.api.Action                                                           : loaded 3 times (x 66B)
Class com.google.common.collect.ImmutableList$SerializedForm                          : loaded 3 times (x 69B)
Class com.google.common.base.CharMatcher$Or                                           : loaded 3 times (x 108B)
Class com.google.common.base.CharMatcher$BitSetMatcher                                : loaded 3 times (x 108B)
Class com.google.common.collect.ImmutableSet                                          : loaded 3 times (x 141B)
Class com.google.common.collect.RegularImmutableMap$Values                            : loaded 3 times (x 203B)
Class com.google.common.collect.RegularImmutableMap                                   : loaded 3 times (x 117B)
Class com.google.common.collect.ImmutableMap$MapViewOfValuesAsSingletonSets           : loaded 3 times (x 121B)
Class com.google.common.collect.ImmutableRangeSet$Builder                             : loaded 3 times (x 73B)
Class [Lcom.google.common.collect.ImmutableEntry;                                     : loaded 3 times (x 65B)
Class com.google.common.collect.RegularImmutableList                                  : loaded 3 times (x 208B)
Class com.google.common.base.Function                                                 : loaded 3 times (x 66B)
Class com.google.common.collect.ImmutableMapEntry$NonTerminalImmutableMapEntry        : loaded 3 times (x 81B)
Class com.google.common.collect.ImmutableMultimap                                     : loaded 3 times (x 143B)
Class com.google.common.collect.ImmutableMapEntry                                     : loaded 3 times (x 81B)
Class com.google.common.collect.RegularImmutableSortedSet                             : loaded 3 times (x 295B)
Class com.google.common.base.CharMatcher$IsNot                                        : loaded 3 times (x 107B)
Class com.google.common.collect.ImmutableSortedSet                                    : loaded 3 times (x 295B)
Class com.google.common.collect.RegularImmutableSet                                   : loaded 3 times (x 144B)
Class com.google.common.collect.ImmutableAsList                                       : loaded 3 times (x 205B)
Class com.google.common.collect.Iterators$9                                           : loaded 3 times (x 77B)
Class com.google.common.collect.Lists                                                 : loaded 3 times (x 67B)
Class com.google.common.collect.ImmutableSet$CachingAsList                            : loaded 3 times (x 143B)
Class com.google.common.collect.UnmodifiableListIterator                              : loaded 3 times (x 91B)
Class com.google.common.base.CharMatcher$AnyOf                                        : loaded 3 times (x 108B)
Class com.google.common.collect.ImmutableCollection                                   : loaded 3 times (x 121B)
Class com.google.common.base.CharMatcher$ForPredicate                                 : loaded 3 times (x 108B)
Class com.google.common.collect.Iterators$5                                           : loaded 3 times (x 78B)
Class com.google.common.collect.ImmutableBiMap                                        : loaded 3 times (x 139B)
Class com.google.common.collect.Iterators$4                                           : loaded 3 times (x 78B)
Class com.google.common.collect.SortedIterable                                        : loaded 3 times (x 66B)
Class com.google.common.collect.ImmutableMap$IteratorBasedImmutableMap                : loaded 3 times (x 121B)
Class com.google.common.collect.SingletonImmutableSet                                 : loaded 3 times (x 142B)
Class com.google.common.collect.Iterators$1                                           : loaded 3 times (x 77B)
Class com.google.common.collect.ImmutableList$ReverseImmutableList                    : loaded 3 times (x 204B)
Class org.gradle.api.UncheckedIOException                                             : loaded 3 times (x 78B)
Class com.google.common.collect.SingletonImmutableList                                : loaded 3 times (x 203B)
Class com.google.common.collect.NullnessCasts                                         : loaded 3 times (x 67B)
Class com.google.common.collect.Multimap                                              : loaded 3 times (x 66B)
Class com.google.common.collect.ImmutableMap$Builder                                  : loaded 3 times (x 78B)
Class com.google.common.collect.ImmutableMapEntrySet                                  : loaded 3 times (x 147B)
Class com.google.common.collect.AbstractIndexedListIterator                           : loaded 3 times (x 92B)
Class com.google.common.collect.ObjectArrays                                          : loaded 3 times (x 67B)
Class com.google.common.collect.AbstractIterator                                      : loaded 3 times (x 78B)
Class com.google.common.collect.BiMap                                                 : loaded 3 times (x 66B)
Class com.google.common.collect.ImmutableMap$1                                        : loaded 3 times (x 77B)
Class com.google.common.collect.IndexedImmutableSet                                   : loaded 3 times (x 146B)
Class com.google.common.base.CharMatcher$And                                          : loaded 3 times (x 108B)
Class com.google.common.collect.Lists$StringAsImmutableList                           : loaded 3 times (x 203B)
Class com.google.common.collect.Iterators                                             : loaded 3 times (x 67B)
Class com.google.common.collect.Range                                                 : loaded 3 times (x 83B)
Class com.google.common.collect.RegularImmutableAsList                                : loaded 3 times (x 212B)
Class com.google.common.collect.ImmutableRangeSet$1                                   : loaded 3 times (x 205B)
Class [Lcom.google.common.collect.ImmutableMapEntry;                                  : loaded 3 times (x 65B)
Class com.google.common.collect.AbstractMultimap                                      : loaded 3 times (x 119B)
Class com.google.common.collect.ImmutableList$Builder                                 : loaded 3 times (x 73B)
Class com.google.common.collect.AbstractMapEntry                                      : loaded 3 times (x 77B)
Class com.google.common.collect.UnmodifiableIterator                                  : loaded 3 times (x 76B)
Class com.google.common.collect.Platform                                              : loaded 3 times (x 67B)
Class com.google.common.base.Joiner                                                   : loaded 3 times (x 75B)
Class com.google.common.collect.BaseImmutableMultimap                                 : loaded 3 times (x 119B)
Class com.google.common.collect.ImmutableCollection$Builder                           : loaded 3 times (x 72B)
Class com.google.common.collect.Iterators$ArrayItr                                    : loaded 3 times (x 93B)
Class com.google.common.collect.ImmutableRangeSet                                     : loaded 3 times (x 111B)
Class com.google.common.collect.ImmutableRangeSet$AsSet                               : loaded 3 times (x 295B)
Class com.google.common.collect.ImmutableSet$SerializedForm                           : loaded 3 times (x 69B)
Class com.amazon.ion.impl.lite.IonSystemLite                                          : loaded 2 times (x 271B)
Class com.amazon.ion.impl.bin.IonRawBinaryWriter$PreallocationMode                    : loaded 2 times (x 78B)
Class com.amazon.ion.impl.bin._Private_IonRawWriter                                   : loaded 2 times (x 66B)
Class com.amazon.ion.IonWriter                                                        : loaded 2 times (x 66B)
Class kotlin.text.StringsKt__AppendableKt                                             : loaded 2 times (x 67B)
Class org.gradle.tooling.internal.gradle.DefaultProjectIdentifier                     : loaded 2 times (x 82B)
Class build_d531ajpvqxhgf6lf47bbgl3iy$_run_closure1                                   : loaded 2 times (x 136B)
Class com.google.common.collect.Iterators$EmptyModifiableIterator                     : loaded 2 times (x 82B)
Class com.google.common.collect.ListMultimap                                          : loaded 2 times (x 66B)
Class com.android.ide.common.gradle.Numeric                                           : loaded 2 times (x 73B)
Class com.google.common.collect.Sets$1                                                : loaded 2 times (x 135B)
Class org.objectweb.asm.AnnotationVisitor                                             : loaded 2 times (x 74B)
Class com.google.common.base.Splitter                                                 : loaded 2 times (x 68B)
Class com.amazon.ion.impl._Private_RecyclingQueue$ElementFactory                      : loaded 2 times (x 66B)
Class com.amazon.ion.impl._Private_IonContainer                                       : loaded 2 times (x 66B)
Class com.intellij.gradle.toolingExtension.impl.model.buildScriptClasspathModel.GradleBuildScriptClasspathSerializationService$ReadContext: loaded 2 times (x 68B)
Class org.gradle.internal.impldep.gnu.trove.TObjectIntHashMap                         : loaded 2 times (x 105B)
Class org.jetbrains.kotlin.idea.gradleTooling.model.allopen.AllOpenModel              : loaded 2 times (x 66B)
Class kotlin.jvm.internal.ArrayIteratorKt                                             : loaded 2 times (x 67B)
Class com.google.common.collect.ComparatorOrdering                                    : loaded 2 times (x 111B)
Class org.gradle.api.internal.DefaultClassPathProvider                                : loaded 2 times (x 72B)
Class com.google.common.collect.MapMakerInternalMap$Strength$1                        : loaded 2 times (x 76B)
Class org.apache.commons.io.FilenameUtils                                             : loaded 2 times (x 67B)
Class com.google.common.collect.Maps$ViewCachingAbstractMap                           : loaded 2 times (x 121B)
Class com.android.builder.model.v2.models.BasicAndroidProject                         : loaded 2 times (x 66B)
Class com.google.common.collect.Sets$2                                                : loaded 2 times (x 135B)
Class com.amazon.ion.impl._Private_RecyclingStack$$Iterator                           : loaded 2 times (x 95B)
Class com.amazon.ion.impl.SharedSymbolTable                                           : loaded 2 times (x 89B)
Class com.amazon.ion.impl.bin.IonRawBinaryWriter                                      : loaded 2 times (x 165B)
Class com.amazon.ion.SymbolToken                                                      : loaded 2 times (x 66B)
Class kotlin.text.StringsKt__StringNumberConversionsJVMKt                             : loaded 2 times (x 67B)
Class com.google.common.collect.NaturalOrdering                                       : loaded 2 times (x 111B)
Class kotlin.text.MatchResult                                                         : loaded 2 times (x 66B)
Class kotlin.sequences.SequenceScope                                                  : loaded 2 times (x 69B)
Class kotlin.sequences.Sequence                                                       : loaded 2 times (x 66B)
Class [Lorg.gradle.api.internal.ClassPathProvider;                                    : loaded 2 times (x 65B)
Class org.gradle.api.internal.ClassPathProvider                                       : loaded 2 times (x 66B)
Class com.google.common.collect.MapMakerInternalMap$Strength$2                        : loaded 2 times (x 76B)
Class com.google.common.reflect.Types$ClassOwnership$1                                : loaded 2 times (x 76B)
Class [Lorg.objectweb.asm.AnnotationVisitor;                                          : loaded 2 times (x 65B)
Class com.google.common.collect.Sets$3                                                : loaded 2 times (x 135B)
Class com.google.common.util.concurrent.AbstractFuture$SafeAtomicHelper               : loaded 2 times (x 75B)
Class com.google.common.cache.LocalCache$LocalLoadingCache                            : loaded 2 times (x 130B)
Class com.google.common.base.AbstractIterator$State                                   : loaded 2 times (x 75B)
Class com.amazon.ion.impl.lite.IonBoolLite                                            : loaded 2 times (x 174B)
Class org.gradle.internal.impldep.gnu.trove.TObjectHash$NULL                          : loaded 2 times (x 67B)
Class kotlin.collections.CollectionsKt___CollectionsKt$asSequence$$inlined$Sequence$1 : loaded 2 times (x 71B)
Class org.gradle.internal.service.UnknownServiceException                             : loaded 2 times (x 79B)
Class com.google.common.collect.MapMakerInternalMap$StrongValueEntry                  : loaded 2 times (x 66B)
Class [Lorg.apache.commons.io.IOCase;                                                 : loaded 2 times (x 65B)
Class com.google.common.reflect.Types$ClassOwnership$2                                : loaded 2 times (x 76B)
Class com.google.common.reflect.TypeResolver                                          : loaded 2 times (x 68B)
Class com.google.common.collect.Sets$4                                                : loaded 2 times (x 135B)
Class org.objectweb.asm.ModuleVisitor                                                 : loaded 2 times (x 77B)
Class com.google.common.cache.LocalCache$Strength$1                                   : loaded 2 times (x 77B)
Class org.gradle.internal.impldep.gnu.trove.PrimeFinder                               : loaded 2 times (x 67B)
Class org.jetbrains.kotlin.idea.gradleTooling.model.kapt.KaptGradleModel              : loaded 2 times (x 66B)
Class org.jetbrains.kotlin.idea.gradleTooling.KotlinDslScriptAdditionalTask           : loaded 2 times (x 66B)
Class org.jetbrains.plugins.gradle.model.ClasspathEntryModel                          : loaded 2 times (x 66B)
Class net.rubygrapefruit.platform.internal.Platform$MacOs64Bit                        : loaded 2 times (x 78B)
Class org.apache.commons.io.file.Counters$Counter                                     : loaded 2 times (x 66B)
Class com.google.common.reflect.Types$ClassOwnership$3                                : loaded 2 times (x 67B)
Class org.apache.commons.io.output.QueueOutputStream                                  : loaded 2 times (x 83B)
Class com.google.common.util.concurrent.SettableFuture                                : loaded 2 times (x 110B)
Class com.google.common.cache.LocalCache$Strength$2                                   : loaded 2 times (x 77B)
Class com.amazon.ion.IonTimestamp                                                     : loaded 2 times (x 66B)
Class com.amazon.ion.impl.bin.PooledBlockAllocatorProvider$PooledBlockAllocator       : loaded 2 times (x 77B)
Class org.jetbrains.plugins.gradle.tooling.serialization.GradleExtensionsSerializationService: loaded 2 times (x 73B)
Class com.android.ide.gradle.model.AdditionalClassifierArtifactsModelParameter        : loaded 2 times (x 66B)
Class org.gradle.api.JavaVersion                                                      : loaded 2 times (x 75B)
Class org.gradle.tooling.model.Dependency                                             : loaded 2 times (x 66B)
Class net.rubygrapefruit.platform.internal.Platform$Posix                             : loaded 2 times (x 77B)
Class com.google.common.collect.Interners$InternerImpl                                : loaded 2 times (x 71B)
Class com.google.common.collect.Interner                                              : loaded 2 times (x 66B)
Class org.apache.commons.io.IOCase                                                    : loaded 2 times (x 76B)
Class com.google.common.collect.TransformedIterator                                   : loaded 2 times (x 76B)
Class com.android.builder.model.v2.ide.AbstractArtifact                               : loaded 2 times (x 66B)
Class com.google.common.cache.LocalCache$Strength$3                                   : loaded 2 times (x 77B)
Class com.google.common.collect.MapDifference                                         : loaded 2 times (x 66B)
Class com.google.common.base.Splitter$1                                               : loaded 2 times (x 73B)
Class com.amazon.ion.IonDatagram                                                      : loaded 2 times (x 66B)
Class com.amazon.ion.impl._Private_RecyclingStack$ElementFactory                      : loaded 2 times (x 66B)
Class com.amazon.ion.impl.bin.IonManagedBinaryWriter$ImportedSymbolResolverMode$1$1   : loaded 2 times (x 74B)
Class com.amazon.ion.impl._Private_ByteTransferSink                                   : loaded 2 times (x 66B)
Class com.intellij.openapi.externalSystem.model.project.dependencies.ResolutionState  : loaded 2 times (x 75B)
Class ijInit22_ajn12y30q13xp7wrpp655bn3l                                              : loaded 2 times (x 175B)
Class kotlin.text.StringsKt__RegexExtensionsJVMKt                                     : loaded 2 times (x 67B)
Class com.google.common.collect.ComparisonChain$1                                     : loaded 2 times (x 77B)
Class com.google.common.collect.AllEqualOrdering                                      : loaded 2 times (x 110B)
Class kotlin.collections.ArraysKt___ArraysJvmKt                                       : loaded 2 times (x 67B)
Class kotlin.collections.CollectionsKt__CollectionsKt                                 : loaded 2 times (x 67B)
Class com.google.common.collect.MapMaker$Dummy                                        : loaded 2 times (x 75B)
Class com.google.common.reflect.Invokable                                             : loaded 2 times (x 99B)
Class org.objectweb.asm.FieldWriter                                                   : loaded 2 times (x 74B)
Class com.google.common.cache.CacheBuilder$NullListener                               : loaded 2 times (x 78B)
Class org.jetbrains.plugins.gradle.model.ExternalLibraryDependency                    : loaded 2 times (x 66B)
Class kotlin.text.Regex$Companion                                                     : loaded 2 times (x 67B)
Class org.gradle.internal.classpath.TransformedClassPath                              : loaded 2 times (x 92B)
Class org.apache.commons.io.filefilter.AbstractFileFilter                             : loaded 2 times (x 112B)
Class com.google.common.reflect.Types$ParameterizedTypeImpl                           : loaded 2 times (x 77B)
Class com.google.common.collect.ImmutableListMultimap                                 : loaded 2 times (x 172B)
Class org.apache.commons.io.output.UnsynchronizedByteArrayOutputStream                : loaded 2 times (x 98B)
Class com.google.common.collect.ImmutableEnumMap                                      : loaded 2 times (x 121B)
Class com.google.common.cache.CacheLoader$FunctionToCacheLoader                       : loaded 2 times (x 71B)
Class org.apache.commons.io.output.StringBuilderWriter                                : loaded 2 times (x 96B)
Class [Lorg.apache.commons.io.StandardLineSeparator;                                  : loaded 2 times (x 65B)
Class com.amazon.ion.IonValue                                                         : loaded 2 times (x 66B)
Class kotlin.jvm.internal.FunctionReference                                           : loaded 2 times (x 118B)
Class [Lkotlin.coroutines.intrinsics.CoroutineSingletons;                             : loaded 2 times (x 65B)
Class kotlin.jvm.internal.FunctionBase                                                : loaded 2 times (x 66B)
Class kotlin.enums.EnumEntriesList                                                    : loaded 2 times (x 219B)
Class com.google.common.reflect.TypeResolver$TypeVariableKey                          : loaded 2 times (x 68B)
Class com.google.common.collect.EmptyImmutableListMultimap                            : loaded 2 times (x 172B)
Class com.android.builder.model.v2.models.AndroidDsl                                  : loaded 2 times (x 66B)
Class org.apache.commons.io.output.ByteArrayOutputStream                              : loaded 2 times (x 98B)
Class com.google.common.collect.AbstractIterator$1                                    : loaded 2 times (x 67B)
Class com.google.common.base.MoreObjects                                              : loaded 2 times (x 67B)
Class com.amazon.ion.impl.bin.IonRawBinaryWriter$ContainerType                        : loaded 2 times (x 75B)
Class com.amazon.ion.impl._Private_IonTextWriterBuilder$Mutable                       : loaded 2 times (x 98B)
Class kotlin.comparisons.ComparisonsKt___ComparisonsJvmKt                             : loaded 2 times (x 67B)
Class kotlin.collections.CollectionsKt__IteratorsJVMKt                                : loaded 2 times (x 67B)
Class com.android.builder.model.v2.ide.TestInfo$Execution                             : loaded 2 times (x 75B)
Class [Lorg.objectweb.asm.Type;                                                       : loaded 2 times (x 65B)
Class org.gradle.api.internal.classpath.EffectiveClassPath                            : loaded 2 times (x 86B)
Class kotlin.sequences.SequencesKt___SequencesKt$flatMap$2                            : loaded 2 times (x 121B)
Class org.jetbrains.kotlin.idea.gradleTooling.KotlinSourceSetContainer                : loaded 2 times (x 66B)
Class org.jetbrains.plugins.gradle.model.IntelliJSettings                             : loaded 2 times (x 66B)
Class kotlin.Result                                                                   : loaded 2 times (x 68B)
Class org.gradle.internal.service.ServiceLocator                                      : loaded 2 times (x 66B)
Class org.apache.commons.io.FileExistsException                                       : loaded 2 times (x 78B)
Class com.google.common.base.Ascii                                                    : loaded 2 times (x 67B)
Class com.google.common.collect.SingletonImmutableBiMap                               : loaded 2 times (x 139B)
Class com.google.common.cache.LocalCache$1                                            : loaded 2 times (x 85B)
Class com.google.common.collect.Ordering                                              : loaded 2 times (x 110B)
Class com.amazon.ion.impl.IonWriterSystem                                             : loaded 2 times (x 167B)
Class com.amazon.ion.impl.bin.Symbols$2                                               : loaded 2 times (x 103B)
Class com.amazon.ion.impl.bin._Private_IonManagedWriter                               : loaded 2 times (x 66B)
Class org.jetbrains.kotlin.android.synthetic.idea.AndroidExtensionsGradleModel        : loaded 2 times (x 66B)
Class com.intellij.gradle.toolingExtension.util.GradleVersionUtil                     : loaded 2 times (x 67B)
Class com.android.ide.gradle.model.GradlePropertiesModel                              : loaded 2 times (x 66B)
Class kotlin.sequences.TransformingSequence$iterator$1                                : loaded 2 times (x 75B)
Class kotlin.Pair                                                                     : loaded 2 times (x 68B)
Class org.gradle.tooling.internal.adapter.ProtocolToModelAdapter$SupportedPropertyInvoker: loaded 2 times (x 72B)
Class org.gradle.tooling.model.UnsupportedMethodException                             : loaded 2 times (x 78B)
Class com.google.common.collect.MapMakerInternalMap$AbstractStrongKeyEntry            : loaded 2 times (x 76B)
Class com.google.common.reflect.TypeToken$SimpleTypeToken                             : loaded 2 times (x 69B)
Class com.google.common.collect.Sets$ImprovedAbstractSet                              : loaded 2 times (x 131B)
Class com.android.builder.model.v2.ide.BytecodeTransformation                         : loaded 2 times (x 75B)
Class org.jetbrains.plugins.gradle.tooling.serialization.internal.IdeaProjectSerializationService: loaded 2 times (x 73B)
Class com.google.common.cache.LocalCache$2                                            : loaded 2 times (x 138B)
Class org.jetbrains.kotlin.idea.projectModel.KotlinTaskProperties                     : loaded 2 times (x 66B)
Class com.amazon.ion.impl.lite.IonContainerLite                                       : loaded 2 times (x 244B)
Class com.amazon.ion.IonBufferConfiguration$OversizedSymbolTableHandler               : loaded 2 times (x 66B)
Class com.amazon.ion.system.IonWriterBuilder                                          : loaded 2 times (x 70B)
Class org.jetbrains.plugins.gradle.tooling.serialization.ToolingStreamApiUtils        : loaded 2 times (x 67B)
Class com.amazon.ion.facet.Faceted                                                    : loaded 2 times (x 66B)
Class kotlin.collections.CollectionsKt__MutableCollectionsKt                          : loaded 2 times (x 67B)
Class com.android.builder.model.v2.ide.CodeShrinker                                   : loaded 2 times (x 75B)
Class [Lcom.android.ide.common.repository.AgpVersion$PreviewKind;                     : loaded 2 times (x 65B)
Class com.google.common.util.concurrent.AbstractFuture$UnsafeAtomicHelper$1           : loaded 2 times (x 72B)
Class net.rubygrapefruit.platform.internal.Platform                                   : loaded 2 times (x 75B)
Class com.amazon.ion.impl.bin.utf8.Poolable                                           : loaded 2 times (x 75B)
Class com.amazon.ion.IonSymbol                                                        : loaded 2 times (x 66B)
Class org.jetbrains.plugins.gradle.tooling.serialization.AnnotationProcessingModelSerializationService$WriteContext: loaded 2 times (x 68B)
Class org.gradle.internal.impldep.gnu.trove.THash                                     : loaded 2 times (x 77B)
Class kotlin.io.TerminateException                                                    : loaded 2 times (x 78B)
Class kotlin.io.FilesKt__FilePathComponentsKt                                         : loaded 2 times (x 67B)
Class kotlin.reflect.KCallable                                                        : loaded 2 times (x 66B)
Class com.google.common.base.Optional                                                 : loaded 2 times (x 76B)
Class net.rubygrapefruit.platform.NativeIntegrationUnavailableException               : loaded 2 times (x 78B)
Class com.google.common.util.concurrent.AbstractFuture$Trusted                        : loaded 2 times (x 66B)
Class org.gradle.internal.classloader.ClassLoaderVisitor                              : loaded 2 times (x 72B)
Class com.google.common.base.CharMatcher$RangesMatcher                                : loaded 2 times (x 108B)
Class org.jetbrains.kotlin.idea.gradleTooling.KotlinGradlePluginVersion               : loaded 2 times (x 66B)
Class com.amazon.ion.impl.lite.IonStructLite                                          : loaded 2 times (x 294B)
Class com.amazon.ion.impl._Private_ReaderWriter                                       : loaded 2 times (x 66B)
Class com.amazon.ion.impl.bin.AbstractSymbolTable                                     : loaded 2 times (x 103B)
Class com.amazon.ion.Decimal                                                          : loaded 2 times (x 129B)
Class com.amazon.ion.impl.bin._Private_IonManagedBinaryWriterBuilder$AllocatorMode$1  : loaded 2 times (x 76B)
Class org.jetbrains.plugins.gradle.tooling.serialization.ProjectDependenciesSerializationService$WriteContext: loaded 2 times (x 68B)
Class org.jetbrains.plugins.gradle.tooling.serialization.ProjectDependenciesSerializationService: loaded 2 times (x 73B)
Class com.intellij.compose.ide.plugin.gradleTooling.rt.ComposeResourcesModel          : loaded 2 times (x 66B)
Class kotlin.collections.AbstractIterator                                             : loaded 2 times (x 79B)
Class kotlin.text.CharsKt                                                             : loaded 2 times (x 67B)
Class org.gradle.tooling.internal.adapter.CollectionMapper                            : loaded 2 times (x 69B)
Class net.rubygrapefruit.platform.internal.Platform$Linux32Bit                        : loaded 2 times (x 79B)
Class com.google.common.io.ByteSink$AsCharSink                                        : loaded 2 times (x 76B)
Class org.jetbrains.kotlin.tooling.core.KotlinToolingVersion                          : loaded 2 times (x 71B)
Class [Lcom.android.builder.model.v2.ide.LibraryType;                                 : loaded 2 times (x 65B)
Class com.android.builder.model.v2.ide.LibraryType                                    : loaded 2 times (x 75B)
Class com.google.common.util.concurrent.UncheckedExecutionException                   : loaded 2 times (x 78B)
Class kotlin.collections.AbstractList$Companion                                       : loaded 2 times (x 67B)
Class com.amazon.ion.impl.lite.IonFloatLite                                           : loaded 2 times (x 182B)
Class com.amazon.ion.impl._Private_IonTextWriterBuilder                               : loaded 2 times (x 98B)
Class com.amazon.ion.impl.bin._Private_IonManagedBinaryWriterBuilder$AllocatorMode$2  : loaded 2 times (x 76B)
Class org.gradle.internal.impldep.gnu.trove.Equality                                  : loaded 2 times (x 66B)
Class com.android.ide.gradle.model.ArtifactIdentifierImpl                             : loaded 2 times (x 73B)
Class com.google.common.collect.ExplicitOrdering                                      : loaded 2 times (x 111B)
Class net.rubygrapefruit.platform.Native                                              : loaded 2 times (x 67B)
Class net.rubygrapefruit.platform.NativeIntegration                                   : loaded 2 times (x 66B)
Class com.google.common.collect.ImmutableSortedSetFauxverideShim                      : loaded 2 times (x 143B)
Class com.google.common.base.CharMatcher$JavaLetterOrDigit                            : loaded 2 times (x 107B)
Class org.jetbrains.plugins.gradle.ExternalDependencyId                               : loaded 2 times (x 66B)
Class com.amazon.ion.impl._Private_RecyclingStack                                     : loaded 2 times (x 75B)
Class com.amazon.ion.impl._Private_IonReaderBuilder                                   : loaded 2 times (x 91B)
Class com.amazon.ion.IonMutableCatalog                                                : loaded 2 times (x 66B)
Class com.intellij.gradle.toolingExtension.impl.model.buildScriptClasspathModel.GradleBuildScriptClasspathSerializationService$WriteContext: loaded 2 times (x 68B)
Class org.gradle.tooling.internal.adapter.ProtocolToModelAdapter                      : loaded 2 times (x 76B)
Class org.gradle.internal.InternalTransformer                                         : loaded 2 times (x 66B)
Class [Lnet.rubygrapefruit.platform.internal.FunctionResult$Failure;                  : loaded 2 times (x 65B)
Class com.google.common.collect.AbstractMapBasedMultimap$KeySet$1                     : loaded 2 times (x 78B)
Class com.android.builder.model.v2.ide.AndroidGradlePluginProjectFlags$BooleanFlag    : loaded 2 times (x 75B)
Class com.android.ide.common.gradle.Separator                                         : loaded 2 times (x 75B)
Class org.objectweb.asm.ClassWriter                                                   : loaded 2 times (x 102B)
Class com.google.common.cache.CacheLoader$UnsupportedLoadingOperationException        : loaded 2 times (x 78B)
Class kotlin.sequences.SequencesKt___SequencesKt                                      : loaded 2 times (x 67B)
Class org.gradle.internal.impldep.gnu.trove.TObjectCanonicalHashingStrategy           : loaded 2 times (x 76B)
Class kotlin.collections.ArraysKt___ArraysKt$asSequence$$inlined$Sequence$1           : loaded 2 times (x 71B)
Class kotlin.collections.MapsKt__MapsJVMKt                                            : loaded 2 times (x 67B)
Class kotlin.collections.EmptyList                                                    : loaded 2 times (x 170B)
Class org.gradle.internal.time.DefaultTimer                                           : loaded 2 times (x 76B)
Class org.gradle.internal.classloader.ClasspathUtil$1                                 : loaded 2 times (x 72B)
Class com.google.common.collect.FluentIterable$1                                      : loaded 2 times (x 77B)
Class com.google.common.base.Objects                                                  : loaded 2 times (x 67B)
Class org.objectweb.asm.FieldVisitor                                                  : loaded 2 times (x 73B)
Class kotlin.text.MatcherMatchResult$groupValues$1                                    : loaded 2 times (x 194B)
Class com.google.common.collect.ReverseNaturalOrdering                                : loaded 2 times (x 110B)
Class com.amazon.ion.impl.bin.IonManagedBinaryWriter$ImportedSymbolResolverMode$2     : loaded 2 times (x 76B)
Class com.amazon.ion.impl.bin.PooledBlockAllocatorProvider$PooledBlockAllocator$1     : loaded 2 times (x 75B)
Class com.amazon.ion.impl.lite.IonStringLite                                          : loaded 2 times (x 208B)
Class org.gradle.tooling.internal.adapter.ProtocolToModelAdapter$ViewKey              : loaded 2 times (x 68B)
Class org.gradle.api.internal.classpath.DefaultModuleRegistry$DefaultModule           : loaded 2 times (x 82B)
Class com.google.common.base.Absent                                                   : loaded 2 times (x 76B)
Class com.google.common.collect.FluentIterable$2                                      : loaded 2 times (x 77B)
Class com.android.ide.common.repository.AgpVersion                                    : loaded 2 times (x 71B)
Class com.google.common.reflect.Reflection                                            : loaded 2 times (x 67B)
Class com.android.builder.model.v2.CustomSourceDirectory                              : loaded 2 times (x 66B)
Class com.google.common.primitives.Ints                                               : loaded 2 times (x 67B)
Class com.google.common.base.CharMatcher$None                                         : loaded 2 times (x 108B)
Class com.amazon.ion.impl.bin.Block                                                   : loaded 2 times (x 75B)
Class org.jetbrains.kotlin.idea.gradleTooling.model.lombok.LombokModel                : loaded 2 times (x 66B)
Class com.google.common.collect.NullsFirstOrdering                                    : loaded 2 times (x 111B)
Class kotlin.ResultKt                                                                 : loaded 2 times (x 67B)
Class org.gradle.tooling.internal.adapter.ProtocolToModelAdapter$PropertyCachingMethodInvoker: loaded 2 times (x 72B)
Class com.google.common.collect.FluentIterable$3                                      : loaded 2 times (x 77B)
Class org.apache.commons.io.file.CountingPathVisitor                                  : loaded 2 times (x 87B)
Class com.android.builder.model.v2.models.ProjectSyncIssues                           : loaded 2 times (x 66B)
Class com.google.common.math.MathPreconditions                                        : loaded 2 times (x 67B)
Class com.google.common.collect.Multiset                                              : loaded 2 times (x 66B)
Class com.google.common.collect.ArrayListMultimapGwtSerializationDependencies         : loaded 2 times (x 168B)
Class org.apache.commons.io.file.PathUtils                                            : loaded 2 times (x 67B)
Class [Lcom.google.common.collect.AbstractIterator$State;                             : loaded 2 times (x 65B)
Class org.jetbrains.plugins.gradle.model.ExternalTask                                 : loaded 2 times (x 66B)
Class com.amazon.ion.impl.bin.utf8.Utf8StringEncoderPool$1                            : loaded 2 times (x 72B)
Class com.amazon.ion.impl.lite.IonLoaderLite                                          : loaded 2 times (x 78B)
Class com.amazon.ion.impl.lite.IonContext                                             : loaded 2 times (x 66B)
Class com.amazon.ion.impl.IonWriterSystemText                                         : loaded 2 times (x 186B)
Class [Lcom.amazon.ion.impl.bin.IonManagedBinaryWriter$ImportedSymbolResolverMode;    : loaded 2 times (x 65B)
Class com.amazon.ion.ValueFactory                                                     : loaded 2 times (x 66B)
Class kotlin.collections.ArraysKt__ArraysKt                                           : loaded 2 times (x 67B)
Class kotlin.Result$Failure                                                           : loaded 2 times (x 68B)
Class org.gradle.internal.time.DefaultCountdownTimer                                  : loaded 2 times (x 84B)
Class org.apache.commons.io.output.NullOutputStream                                   : loaded 2 times (x 81B)
Class org.gradle.internal.classloader.DefaultClassLoaderFactory                       : loaded 2 times (x 78B)
Class com.amazon.ion.impl._Private_IonReaderBuilder$TwoElementSequenceInputStream     : loaded 2 times (x 88B)
Class com.amazon.ion.impl.bin.IonManagedBinaryWriter$SymbolResolver                   : loaded 2 times (x 66B)
Class com.amazon.ion.impl._Private_SymbolToken                                        : loaded 2 times (x 66B)
Class com.amazon.ion.impl.bin._Private_IonManagedBinaryWriterBuilder$AllocatorMode    : loaded 2 times (x 76B)
Class org.jetbrains.plugins.gradle.tooling.util.ObjectCollector                       : loaded 2 times (x 68B)
Class org.jetbrains.plugins.gradle.model.GradleTaskModel                              : loaded 2 times (x 66B)
Class kotlin.collections.SetsKt__SetsJVMKt                                            : loaded 2 times (x 67B)
Class org.gradle.tooling.internal.adapter.ProtocolToModelAdapter$AdaptingMethodInvoker: loaded 2 times (x 72B)
Class org.gradle.tooling.internal.gradle.DefaultBuildIdentifier                       : loaded 2 times (x 75B)
Class kotlin.Function                                                                 : loaded 2 times (x 66B)
Class org.gradle.api.internal.classpath.Module                                        : loaded 2 times (x 66B)
Class com.google.common.cache.Weigher                                                 : loaded 2 times (x 66B)
Class com.amazon.ion.impl._Private_IonReaderBuilder$Mutable                           : loaded 2 times (x 91B)
Class com.intellij.openapi.externalSystem.model.project.IExternalSystemSourceType     : loaded 2 times (x 66B)
Class kotlin.io.FileAlreadyExistsException                                            : loaded 2 times (x 78B)
Class kotlin.internal.ProgressionUtilKt                                               : loaded 2 times (x 67B)
Class org.gradle.api.internal.classpath.UnknownModuleException                        : loaded 2 times (x 78B)
Class org.gradle.cache.GlobalCache                                                    : loaded 2 times (x 66B)
Class org.apache.commons.io.file.Counters$PathCounters                                : loaded 2 times (x 66B)
Class com.google.common.base.Stopwatch                                                : loaded 2 times (x 68B)
Class com.google.common.cache.LocalCache$Strength                                     : loaded 2 times (x 77B)
Class com.google.common.cache.Cache                                                   : loaded 2 times (x 66B)
Class org.jetbrains.plugins.gradle.tooling.serialization.ProjectDependenciesSerializationService$ReadContext: loaded 2 times (x 68B)
Class org.gradle.internal.impldep.gnu.trove.TObjectIdentityHashingStrategy            : loaded 2 times (x 74B)
Class com.intellij.openapi.externalSystem.model.project.dependencies.ProjectDependencies: loaded 2 times (x 66B)
Class kotlin.sequences.DistinctIterator                                               : loaded 2 times (x 79B)
Class com.google.common.io.AppendableWriter                                           : loaded 2 times (x 96B)
Class org.apache.commons.io.filefilter.IOFileFilter                                   : loaded 2 times (x 66B)
Class com.google.common.io.Files$2                                                    : loaded 2 times (x 72B)
Class com.google.common.util.concurrent.AbstractFuture$Cancellation                   : loaded 2 times (x 68B)
Class org.jetbrains.kotlin.idea.gradleTooling.model.noarg.NoArgModel                  : loaded 2 times (x 66B)
Class com.google.common.base.NullnessCasts                                            : loaded 2 times (x 67B)
Class net.rubygrapefruit.platform.internal.FunctionResult                             : loaded 2 times (x 73B)
Class com.google.common.base.Present                                                  : loaded 2 times (x 77B)
Class com.google.common.collect.AbstractMapBasedMultimap$WrappedCollection$WrappedIterator: loaded 2 times (x 80B)
Class com.google.common.collect.AbstractMapBasedMultimap$AsMap$AsMapIterator          : loaded 2 times (x 79B)
Class com.google.common.cache.RemovalListener                                         : loaded 2 times (x 66B)
Class com.amazon.ion.IonBufferConfiguration                                           : loaded 2 times (x 69B)
Class com.amazon.ion.impl.bin.Symbols                                                 : loaded 2 times (x 67B)
Class org.jetbrains.plugins.gradle.tooling.serialization.RepositoriesModelSerializationService: loaded 2 times (x 78B)
Class com.android.ide.gradle.model.artifacts.AdditionalClassifierArtifactsModel       : loaded 2 times (x 66B)
Class org.gradle.tooling.internal.gradle.GradleProjectIdentity                        : loaded 2 times (x 66B)
Class org.gradle.api.internal.DefaultClassPathRegistry                                : loaded 2 times (x 72B)
Class net.rubygrapefruit.platform.NativeIntegrationLinkageException                   : loaded 2 times (x 78B)
Class org.apache.commons.io.file.DeleteOption                                         : loaded 2 times (x 66B)
Class com.google.common.reflect.Invokable$ConstructorInvokable                        : loaded 2 times (x 103B)
Class com.google.common.collect.ImmutableMultimap$Keys                                : loaded 2 times (x 162B)
Class com.android.builder.model.v2.ide.JavaArtifact                                   : loaded 2 times (x 66B)
Class com.google.common.primitives.IntsMethodsForWeb                                  : loaded 2 times (x 67B)
Class com.intellij.util.containers.IntObjectHashMap$ArrayProducer                     : loaded 2 times (x 66B)
Class [Lcom.amazon.ion.impl.bin.AbstractIonWriter$WriteValueOptimization;             : loaded 2 times (x 65B)
Class org.jetbrains.plugins.gradle.tooling.serialization.RepositoriesModelSerializationService$ReadContext: loaded 2 times (x 68B)
Class kotlin.ranges.ClosedRange                                                       : loaded 2 times (x 66B)
Class org.gradle.api.internal.ClassPathRegistry                                       : loaded 2 times (x 66B)
Class org.gradle.internal.classpath.DefaultClassPath$ImmutableUniqueList              : loaded 2 times (x 195B)
Class com.amazon.ion.impl.bin.IonManagedBinaryWriter$ImportedSymbolResolverMode$1     : loaded 2 times (x 76B)
Class com.google.common.collect.MapMakerInternalMap$Segment                           : loaded 2 times (x 138B)
Class com.google.common.reflect.TypeToken                                             : loaded 2 times (x 69B)
Class com.google.common.base.ExtraObjectsMethodsForWeb                                : loaded 2 times (x 67B)
Class org.apache.commons.io.IOUtils                                                   : loaded 2 times (x 67B)
Class com.amazon.ion.impl.bin.IonManagedBinaryWriter$UserState                        : loaded 2 times (x 81B)
Class org.jetbrains.plugins.gradle.tooling.serialization.internal.adapter.InternalBuildIdentifier: loaded 2 times (x 71B)
Class com.amazon.ion.impl._Private_IonWriter                                          : loaded 2 times (x 66B)
Class com.amazon.ion.impl.bin._Private_IonManagedBinaryWriterBuilder                  : loaded 2 times (x 68B)
Class com.intellij.gradle.toolingExtension.impl.model.projectModel.GradleExternalProjectSerializationService$WriteContext: loaded 2 times (x 69B)
Class kotlin.text.StringsKt__StringsJVMKt                                             : loaded 2 times (x 67B)
Class kotlin.collections.IntIterator                                                  : loaded 2 times (x 78B)
Class net.rubygrapefruit.platform.internal.jni.NativeLibraryFunctions                 : loaded 2 times (x 67B)
Class com.google.common.io.ByteSink                                                   : loaded 2 times (x 72B)
Class com.android.builder.model.v2.dsl.SigningConfig                                  : loaded 2 times (x 66B)
Class com.android.builder.model.v2.models.AndroidProject                              : loaded 2 times (x 66B)
Class com.android.builder.model.v2.AndroidModel                                       : loaded 2 times (x 66B)
Class com.google.common.cache.CacheBuilder                                            : loaded 2 times (x 68B)
Class com.amazon.ion.impl.lite.IonSymbolLite                                          : loaded 2 times (x 242B)
Class [Lcom.amazon.ion.SymbolToken;                                                   : loaded 2 times (x 65B)
Class kotlin.text.StringsKt__IndentKt                                                 : loaded 2 times (x 67B)
Class kotlin.collections.SetsKt                                                       : loaded 2 times (x 67B)
Class org.jetbrains.kotlin.idea.gradleTooling.AndroidAwareGradleModelProvider$Companion: loaded 2 times (x 67B)
Class org.gradle.internal.classpath.ClassPath                                         : loaded 2 times (x 66B)
Class com.google.common.collect.Interners$InternerBuilder                             : loaded 2 times (x 72B)
Class com.google.common.io.Files$FileByteSource                                       : loaded 2 times (x 81B)
Class [Lcom.google.common.reflect.Types$JavaVersion;                                  : loaded 2 times (x 65B)
Class [Lcom.amazon.ion.impl.bin.IonRawBinaryWriter$StreamCloseMode;                   : loaded 2 times (x 65B)
Class com.google.common.base.JdkPattern                                               : loaded 2 times (x 71B)
Class org.jetbrains.plugins.gradle.model.ExternalProjectDependency                    : loaded 2 times (x 66B)
Class org.jetbrains.plugins.gradle.tooling.serialization.KotlinDslScriptsModelSerializationService: loaded 2 times (x 77B)
Class kotlin.reflect.KFunction                                                        : loaded 2 times (x 66B)
Class kotlin.collections.ArrayDeque                                                   : loaded 2 times (x 203B)
Class net.rubygrapefruit.platform.internal.Platform$Windows                           : loaded 2 times (x 75B)
Class com.google.common.io.CharStreams$NullWriter                                     : loaded 2 times (x 95B)
Class org.objectweb.asm.SymbolTable$Entry                                             : loaded 2 times (x 70B)
Class com.google.common.util.concurrent.AbstractFuture$AtomicHelper                   : loaded 2 times (x 74B)
Class com.amazon.ion.system.IonSystemBuilder$Mutable                                  : loaded 2 times (x 71B)
Class com.amazon.ion.impl.bin.IonManagedBinaryWriter$SymbolResolverBuilder            : loaded 2 times (x 66B)
Class org.jetbrains.plugins.gradle.tooling.serialization.ExternalTestsSerializationService$WriteContext: loaded 2 times (x 68B)
Class org.jetbrains.kotlin.idea.gradleTooling.KotlinGradleModel                       : loaded 2 times (x 66B)
Class kotlin.collections.MapsKt__MapsKt                                               : loaded 2 times (x 67B)
Class com.android.builder.model.v2.ide.Variant                                        : loaded 2 times (x 66B)
Class org.objectweb.asm.Edge                                                          : loaded 2 times (x 68B)
Class com.google.common.base.Suppliers$SupplierOfInstance                             : loaded 2 times (x 75B)
Class com.google.common.base.Platform$JdkPatternCompiler                              : loaded 2 times (x 71B)
Class com.amazon.ion.impl._Private_RecyclingStack$Recycler                            : loaded 2 times (x 66B)
Class com.amazon.ion.impl.bin.IonManagedBinaryWriter$LocalSymbolTableView             : loaded 2 times (x 103B)
Class com.amazon.ion.impl.bin.IonRawBinaryWriter$ThrowingRunnable                     : loaded 2 times (x 66B)
Class com.android.ide.gradle.model.ArtifactIdentifier                                 : loaded 2 times (x 66B)
Class org.gradle.tooling.model.Model                                                  : loaded 2 times (x 66B)
Class com.google.common.reflect.TypeToken$1                                           : loaded 2 times (x 106B)
Class com.android.builder.model.v2.ide.SyncIssue                                      : loaded 2 times (x 66B)
Class com.google.common.cache.LocalCache$ComputingValueReference                      : loaded 2 times (x 92B)
Class com.google.common.base.Suppliers                                                : loaded 2 times (x 67B)
Class [Lcom.google.common.cache.CacheBuilder$OneWeigher;                              : loaded 2 times (x 65B)
Class com.amazon.ion.UnknownSymbolException                                           : loaded 2 times (x 82B)
Class com.android.ide.gradle.model.composites.BuildMap                                : loaded 2 times (x 66B)
Class kotlin.text.MatchResult$Destructured                                            : loaded 2 times (x 68B)
Class kotlin.Metadata                                                                 : loaded 2 times (x 66B)
Class kotlin.UninitializedPropertyAccessException                                     : loaded 2 times (x 78B)
Class com.google.common.reflect.TypeToken$2                                           : loaded 2 times (x 106B)
Class com.google.common.collect.AbstractMapBasedMultimap$AsMap$AsMapEntries           : loaded 2 times (x 134B)
Class com.android.builder.model.v2.ide.Library                                        : loaded 2 times (x 66B)
Class com.android.builder.model.v2.ide.ArtifactDependenciesAdjacencyList              : loaded 2 times (x 66B)
Class com.android.builder.model.v2.models.Versions                                    : loaded 2 times (x 66B)
Class com.google.common.cache.LocalCache$Segment                                      : loaded 2 times (x 150B)
Class org.jetbrains.kotlin.idea.gradleTooling.model.annotation.AnnotationBasedPluginModel: loaded 2 times (x 66B)
Class org.jetbrains.plugins.gradle.model.IntelliJProjectSettings                      : loaded 2 times (x 66B)
Class org.gradle.tooling.internal.adapter.ProtocolToModelAdapter$MethodInvocationCache: loaded 2 times (x 69B)
Class net.rubygrapefruit.platform.internal.LibraryDef                                 : loaded 2 times (x 68B)
Class com.android.builder.model.v2.models.ndk.NativeModule                            : loaded 2 times (x 66B)
Class org.objectweb.asm.MethodTooLargeException                                       : loaded 2 times (x 79B)
Class [Lorg.objectweb.asm.SymbolTable$Entry;                                          : loaded 2 times (x 65B)
Class com.google.common.cache.CacheLoader                                             : loaded 2 times (x 70B)
Class com.google.common.collect.MapMakerInternalMap$Strength                          : loaded 2 times (x 76B)
Class com.google.common.collect.MapMakerInternalMap$StrongKeyDummyValueEntry$LinkedStrongKeyDummyValueEntry: loaded 2 times (x 78B)
Class com.google.common.collect.AbstractListMultimap                                  : loaded 2 times (x 168B)
Class org.jetbrains.plugins.gradle.model.ExternalDependency                           : loaded 2 times (x 66B)
Class com.intellij.util.containers.IntObjectHashMap                                   : loaded 2 times (x 68B)
Class org.gradle.internal.installation.GradleInstallation$1                           : loaded 2 times (x 71B)
Class org.gradle.api.internal.classpath.ModuleRegistry                                : loaded 2 times (x 66B)
Class com.android.ide.common.repository.AgpVersion$PreviewKind$Companion              : loaded 2 times (x 67B)
Class com.android.builder.model.v2.ide.PrivacySandboxSdkInfo                          : loaded 2 times (x 66B)
Class org.apache.commons.io.output.NullWriter                                         : loaded 2 times (x 95B)
Class com.google.common.util.concurrent.internal.InternalFutureFailureAccess          : loaded 2 times (x 68B)
Class org.gradle.internal.operations.MultipleBuildOperationFailures                   : loaded 2 times (x 91B)
Class com.google.common.collect.ImmutableSet$JdkBackedSetBuilderImpl                  : loaded 2 times (x 72B)
Class com.google.common.base.Splitter$SplittingIterator                               : loaded 2 times (x 80B)
Class com.amazon.ion.impl.bin.IonManagedBinaryWriter$SymbolState$1                    : loaded 2 times (x 76B)
Class com.amazon.ion.impl.LocalSymbolTableAsStruct$Factory                            : loaded 2 times (x 75B)
Class [Lcom.amazon.ion.IonType;                                                       : loaded 2 times (x 65B)
Class com.intellij.gradle.toolingExtension.impl.model.sourceSetDependencyModel.GradleSourceSetDependencySerialisationService$SourceSetDependencyModelReadContext: loaded 2 times (x 68B)
Class com.intellij.gradle.toolingExtension.impl.model.dependencyModel.DependencyReadContext: loaded 2 times (x 68B)
Class org.jetbrains.plugins.gradle.model.VersionCatalogsModel                         : loaded 2 times (x 66B)
Class org.gradle.tooling.internal.adapter.ObjectGraphAdapter                          : loaded 2 times (x 66B)
Class com.google.common.io.Closer$SuppressingSuppressor                               : loaded 2 times (x 71B)
Class com.google.common.collect.ImmutableMultimap$Values                              : loaded 2 times (x 122B)
Class com.android.builder.model.v2.ide.Installation                                   : loaded 2 times (x 66B)
Class com.google.common.util.concurrent.AbstractFuture$UnsafeAtomicHelper             : loaded 2 times (x 74B)
Class com.google.common.cache.LocalCache$LocalManualCache$1                           : loaded 2 times (x 71B)
Class org.gradle.tooling.internal.adapter.MethodInvocation                            : loaded 2 times (x 81B)
Class org.jetbrains.plugins.gradle.model.ExternalSourceSet                            : loaded 2 times (x 66B)
Class com.amazon.ion.impl.bin.IonManagedBinaryWriter$SymbolState$2                    : loaded 2 times (x 76B)
Class org.jetbrains.plugins.gradle.model.ProjectImportModelProvider                   : loaded 2 times (x 66B)
Class com.amazon.ion.IonNull                                                          : loaded 2 times (x 66B)
Class com.intellij.gradle.toolingExtension.impl.model.warmUp.GradleTaskWarmUpRequest  : loaded 2 times (x 66B)
Class com.android.ide.gradle.model.LegacyAndroidGradlePluginPropertiesModelParameters : loaded 2 times (x 66B)
Class com.google.common.collect.ImmutableSortedAsList                                 : loaded 2 times (x 217B)
Class kotlin.text.RegexKt                                                             : loaded 2 times (x 67B)
Class kotlin.coroutines.intrinsics.IntrinsicsKt__IntrinsicsKt                         : loaded 2 times (x 67B)
Class net.rubygrapefruit.platform.internal.Platform$Window32Bit                       : loaded 2 times (x 75B)
Class com.android.builder.model.v2.models.ModelBuilderParameter                       : loaded 2 times (x 66B)
Class kotlin.sequences.TransformingSequence                                           : loaded 2 times (x 71B)
Class com.intellij.util.ThrowableConsumer                                             : loaded 2 times (x 66B)
Class com.amazon.ion.impl.bin.IonRawBinaryWriter$ContainerInfo                        : loaded 2 times (x 70B)
Class com.amazon.ion.impl.bin.IonManagedBinaryWriter$SymbolState$3                    : loaded 2 times (x 76B)
Class com.amazon.ion.impl.bin.IonRawBinaryWriter$StreamFlushMode                      : loaded 2 times (x 75B)
Class com.amazon.ion.IonBinaryWriter                                                  : loaded 2 times (x 66B)
Class com.intellij.gradle.toolingExtension.impl.model.sourceSetArtifactIndex.GradleSourceSetArtifactBuildRequest: loaded 2 times (x 66B)
Class kotlin.io.FilesKt__UtilsKt                                                      : loaded 2 times (x 67B)
Class com.google.common.collect.Lists$TransformingRandomAccessList                    : loaded 2 times (x 195B)
Class kotlin.collections.CollectionsKt__CollectionsJVMKt                              : loaded 2 times (x 67B)
Class org.gradle.api.internal.classpath.DefaultModuleRegistry                         : loaded 2 times (x 82B)
Class com.google.common.util.concurrent.ListenableFuture                              : loaded 2 times (x 66B)
Class com.google.common.cache.ReferenceEntry                                          : loaded 2 times (x 66B)
Class org.objectweb.asm.ClassVisitor                                                  : loaded 2 times (x 84B)
Class com.google.common.base.Converter                                                : loaded 2 times (x 86B)
Class [Lorg.objectweb.asm.Symbol;                                                     : loaded 2 times (x 65B)
Class com.google.common.base.CharMatcher$Any                                          : loaded 2 times (x 108B)
Class com.amazon.ion.impl.bin.IonManagedBinaryWriter$SymbolState$4                    : loaded 2 times (x 76B)
Class org.jetbrains.plugins.gradle.tooling.serialization.internal.IdeaProjectSerializationService$WriteContext$1: loaded 2 times (x 79B)
Class org.jetbrains.plugins.gradle.model.ExternalProject                              : loaded 2 times (x 66B)
Class kotlin.sequences.SequencesKt                                                    : loaded 2 times (x 67B)
Class kotlin.collections.CollectionsKt__IteratorsKt                                   : loaded 2 times (x 67B)
Class [Lcom.android.builder.model.v2.ide.CodeShrinker;                                : loaded 2 times (x 65B)
Class com.google.common.util.concurrent.AbstractFuture                                : loaded 2 times (x 102B)
Class com.google.common.base.FunctionalEquivalence                                    : loaded 2 times (x 79B)
Class com.android.utils.FileUtils                                                     : loaded 2 times (x 67B)
Class com.google.common.collect.AbstractMapBasedMultimap                              : loaded 2 times (x 135B)
Class com.android.builder.model.v2.ide.AaptOptions$Namespacing                        : loaded 2 times (x 75B)
Class com.amazon.ion.impl.bin.utf8.Pool                                               : loaded 2 times (x 70B)
Class com.amazon.ion.impl._Private_SymtabExtendsCache                                 : loaded 2 times (x 68B)
Class org.jetbrains.plugins.gradle.tooling.serialization.internal.IdeaProjectSerializationService$WriteContext$2: loaded 2 times (x 79B)
Class kotlin.text.StringsKt                                                           : loaded 2 times (x 67B)
Class com.google.common.io.CharStreams                                                : loaded 2 times (x 67B)
Class com.google.common.reflect.TypeResolver$TypeTable                                : loaded 2 times (x 69B)
Class com.google.common.collect.ImmutableMultiset                                     : loaded 2 times (x 159B)
Class org.objectweb.asm.RecordComponentVisitor                                        : loaded 2 times (x 73B)
Class com.google.common.cache.CacheLoader$SupplierToCacheLoader                       : loaded 2 times (x 71B)
Class com.amazon.ion.impl._Private_IonSymbol                                          : loaded 2 times (x 66B)
Class com.amazon.ion.impl.lite.IonValueLite                                           : loaded 2 times (x 143B)
Class com.amazon.ion.IonContainer                                                     : loaded 2 times (x 66B)
Class com.amazon.ion.impl.bin.PooledBlockAllocatorProvider                            : loaded 2 times (x 69B)
Class org.jetbrains.plugins.gradle.tooling.serialization.AnnotationProcessingModelSerializationService$ReadContext: loaded 2 times (x 68B)
Class org.jetbrains.plugins.gradle.tooling.serialization.internal.IdeaProjectSerializationService$WriteContext$3: loaded 2 times (x 79B)
Class com.android.ide.gradle.model.artifacts.AdditionalClassifierArtifacts            : loaded 2 times (x 66B)
Class kotlin.coroutines.jvm.internal.RestrictedContinuationImpl                       : loaded 2 times (x 83B)
Class org.gradle.util.internal.DefaultGradleVersion$Stage                             : loaded 2 times (x 71B)
Class com.google.common.reflect.TypeResolver$TypeTable$1                              : loaded 2 times (x 69B)
Class com.google.common.collect.Maps$EntryTransformer                                 : loaded 2 times (x 66B)
Class org.jetbrains.kotlin.idea.gradleTooling.AndroidAwareGradleModelProvider         : loaded 2 times (x 75B)
Class org.jetbrains.plugins.gradle.tooling.serialization.internal.IdeaProjectSerializationService$WriteContext$4: loaded 2 times (x 79B)
Class com.intellij.gradle.toolingExtension.impl.model.sourceSetDependencyModel.GradleSourceSetDependencySerialisationService$Companion: loaded 2 times (x 67B)
Class [Lkotlin.Pair;                                                                  : loaded 2 times (x 65B)
Class kotlin.text.StringsKt__StringNumberConversionsKt                                : loaded 2 times (x 67B)
Class kotlin.io.FilesKt__FileReadWriteKt                                              : loaded 2 times (x 67B)
Class com.google.common.collect.UsingToStringOrdering                                 : loaded 2 times (x 110B)
Class kotlin.text.MatchNamedGroupCollection                                           : loaded 2 times (x 66B)
Class kotlin.jvm.internal.markers.KMutableList                                        : loaded 2 times (x 66B)
Class com.google.common.reflect.TypeCapture                                           : loaded 2 times (x 67B)
Class org.gradle.internal.service.ServiceLookupException                              : loaded 2 times (x 78B)
Class com.google.common.collect.Lists$ReverseList                                     : loaded 2 times (x 196B)
Class com.google.common.collect.TransformedListIterator                               : loaded 2 times (x 89B)
Class [Lcom.google.common.cache.LocalCache$EntryFactory;                              : loaded 2 times (x 65B)
Class com.google.common.base.CharMatcher$JavaLetter                                   : loaded 2 times (x 107B)
Class com.amazon.ion.BufferConfiguration$Builder                                      : loaded 2 times (x 74B)
Class org.jetbrains.plugins.gradle.tooling.serialization.internal.IdeaProjectSerializationService$WriteContext$5: loaded 2 times (x 79B)
Class com.intellij.gradle.toolingExtension.impl.model.sourceSetDependencyModel.GradleSourceSetDependencySerialisationService$SourceSetDependencyModelWriteContext: loaded 2 times (x 68B)
Class [Lkotlin.sequences.Sequence;                                                    : loaded 2 times (x 65B)
Class kotlin.sequences.SequencesKt___SequencesKt$sortedWith$1                         : loaded 2 times (x 71B)
Class org.gradle.internal.classloader.ClassLoaderFactory                              : loaded 2 times (x 66B)
Class net.rubygrapefruit.platform.internal.Platform$Linux                             : loaded 2 times (x 79B)
Class org.apache.commons.io.function.IOBiFunction                                     : loaded 2 times (x 66B)
Class [Lorg.apache.commons.io.FileSystem;                                             : loaded 2 times (x 65B)
Class com.google.common.collect.ImmutableMap$SerializedForm                           : loaded 2 times (x 69B)
Class com.android.builder.model.v2.ide.LibraryInfo                                    : loaded 2 times (x 66B)
Class org.apache.commons.io.CloseableURLConnection                                    : loaded 2 times (x 113B)
Class com.google.common.cache.LocalCache$LocalManualCache                             : loaded 2 times (x 95B)
Class org.apache.commons.io.function.IOFunction                                       : loaded 2 times (x 66B)
Class com.google.common.base.CommonPattern                                            : loaded 2 times (x 70B)
Class com.amazon.ion.impl.bin.IntList                                                 : loaded 2 times (x 73B)
Class com.amazon.ion.impl._Private_RecyclingQueue$ElementIterator                     : loaded 2 times (x 78B)
Class com.amazon.ion.impl.lite._Private_LiteDomTrampoline                             : loaded 2 times (x 67B)
Class com.amazon.ion.IonType                                                          : loaded 2 times (x 75B)
Class org.jetbrains.plugins.gradle.tooling.serialization.internal.IdeaProjectSerializationService$WriteContext$6: loaded 2 times (x 79B)
Class org.jetbrains.plugins.gradle.tooling.util.IntObjectMap                          : loaded 2 times (x 69B)
Class org.gradle.internal.service.CachingServiceLocator                               : loaded 2 times (x 78B)
Class org.apache.commons.io.filefilter.ConditionalFileFilter                          : loaded 2 times (x 66B)
Class com.google.common.collect.AbstractMapBasedMultimap$KeySet                       : loaded 2 times (x 133B)
Class com.google.common.collect.Streams                                               : loaded 2 times (x 67B)
Class com.google.common.cache.LocalCache$Values                                       : loaded 2 times (x 114B)
Class com.google.common.math.IntMath                                                  : loaded 2 times (x 67B)
Class com.amazon.ion.impl.lite.ValueFactoryLite                                       : loaded 2 times (x 214B)
Class org.jetbrains.plugins.gradle.tooling.serialization.internal.IdeaProjectSerializationService$WriteContext$7: loaded 2 times (x 79B)
Class org.jetbrains.plugins.gradle.model.RepositoryModels                             : loaded 2 times (x 66B)
Class kotlin.collections.AbstractList$SubList                                         : loaded 2 times (x 194B)
Class kotlin.jvm.internal.CallableReference                                           : loaded 2 times (x 102B)
Class com.google.common.collect.MapMakerInternalMap$InternalEntry                     : loaded 2 times (x 66B)
Class org.apache.commons.io.file.Counters$AbstractPathCounters                        : loaded 2 times (x 78B)
Class com.google.common.reflect.Types$TypeVariableInvocationHandler                   : loaded 2 times (x 71B)
Class org.objectweb.asm.commons.InstructionAdapter                                    : loaded 2 times (x 184B)
Class com.google.common.collect.Iterators$10                                          : loaded 2 times (x 77B)
Class org.gradle.tooling.internal.adapter.TargetTypeProvider                          : loaded 2 times (x 66B)
Class com.google.common.base.CharMatcher$JavaDigit                                    : loaded 2 times (x 107B)
Class com.amazon.ion.impl.bin.WriteBuffer                                             : loaded 2 times (x 74B)
Class com.amazon.ion.impl.bin.IonManagedBinaryWriter                                  : loaded 2 times (x 162B)
Class org.jetbrains.plugins.gradle.tooling.serialization.internal.IdeaProjectSerializationService$WriteContext$8: loaded 2 times (x 79B)
Class [Lorg.gradle.api.JavaVersion;                                                   : loaded 2 times (x 65B)
Class kotlin.ranges.IntRange                                                          : loaded 2 times (x 89B)
Class org.gradle.tooling.model.idea.IdeaDependencyScope                               : loaded 2 times (x 66B)
Class org.gradle.internal.time.TimeSource                                             : loaded 2 times (x 66B)
Class org.gradle.tooling.model.kotlin.dsl.KotlinDslScriptsModel                       : loaded 2 times (x 66B)
Class kotlin.ranges.IntProgression$Companion                                          : loaded 2 times (x 67B)
Class com.android.builder.model.v2.ide.TestInfo                                       : loaded 2 times (x 66B)
Class com.google.common.base.Equivalence                                              : loaded 2 times (x 78B)
Class org.jetbrains.plugins.gradle.model.AnnotationProcessingModel                    : loaded 2 times (x 66B)
Class org.jetbrains.plugins.gradle.model.GradleExtensions                             : loaded 2 times (x 66B)
Class com.amazon.ion.impl.lite.IonBlobLite                                            : loaded 2 times (x 215B)
Class com.amazon.ion.impl.LocalSymbolTable                                            : loaded 2 times (x 117B)
Class org.jetbrains.plugins.gradle.tooling.serialization.SerializationService         : loaded 2 times (x 66B)
Class org.gradle.tooling.internal.gradle.GradleBuildIdentity                          : loaded 2 times (x 66B)
Class kotlin.enums.EnumEntries                                                        : loaded 2 times (x 66B)
Class com.google.common.collect.IndexedImmutableSet$1                                 : loaded 2 times (x 208B)
Class com.android.builder.model.v2.ide.JavaCompileOptions                             : loaded 2 times (x 66B)
Class org.apache.commons.io.output.AbstractByteArrayOutputStream                      : loaded 2 times (x 98B)
Class com.google.common.cache.CacheBuilder$OneWeigher                                 : loaded 2 times (x 78B)
Class com.amazon.ion.system.IonBinaryWriterBuilder                                    : loaded 2 times (x 95B)
Class build_d7584nixh7x4l4ch5t4pw0uyv$_run_closure1                                   : loaded 2 times (x 135B)
Class com.amazon.ion.IonList                                                          : loaded 2 times (x 66B)
Class org.jetbrains.plugins.gradle.tooling.serialization.internal.adapter.Supplier    : loaded 2 times (x 66B)
Class org.gradle.tooling.internal.adapter.ProtocolToModelAdapter$MixInMappingAction   : loaded 2 times (x 76B)
Class org.gradle.internal.exceptions.ResolutionProvider                               : loaded 2 times (x 66B)
Class net.rubygrapefruit.platform.internal.Platform$Unsupported                       : loaded 2 times (x 75B)
Class net.rubygrapefruit.platform.internal.Platform$FreeBSD32Bit                      : loaded 2 times (x 78B)
Class com.google.common.reflect.Types$ClassOwnership$1LocalClass                      : loaded 2 times (x 67B)
Class com.google.common.collect.ImmutableBiMapFauxverideShim                          : loaded 2 times (x 116B)
Class org.jetbrains.plugins.gradle.model.MavenRepositoryModel                         : loaded 2 times (x 66B)
Class com.amazon.ion.IonSystem                                                        : loaded 2 times (x 66B)
Class com.amazon.ion.impl.bin.IonManagedBinaryWriter$ImportedSymbolContext            : loaded 2 times (x 68B)
Class kotlin.text.MatchResult$DefaultImpls                                            : loaded 2 times (x 67B)
Class org.gradle.tooling.model.idea.IdeaCompilerOutput                                : loaded 2 times (x 66B)
Class org.gradle.tooling.model.ProjectIdentifier                                      : loaded 2 times (x 66B)
Class org.gradle.internal.classloader.ClasspathUtil                                   : loaded 2 times (x 67B)
Class net.rubygrapefruit.platform.internal.Platform$Unix                              : loaded 2 times (x 78B)
Class com.android.builder.model.v2.ide.ComponentInfo                                  : loaded 2 times (x 66B)
Class org.jetbrains.kotlin.tooling.core.HasExtras                                     : loaded 2 times (x 66B)
Class com.google.common.base.Charsets                                                 : loaded 2 times (x 67B)
Class com.google.common.util.concurrent.Uninterruptibles                              : loaded 2 times (x 67B)
Class com.android.builder.model.v2.ide.ProjectType                                    : loaded 2 times (x 75B)
Class com.intellij.gradle.toolingExtension.impl.model.sourceSetModel.GradleSourceSetSerialisationService: loaded 2 times (x 73B)
Class kotlin.io.FileSystemException                                                   : loaded 2 times (x 78B)
Class com.google.common.collect.ComparisonChain                                       : loaded 2 times (x 76B)
Class com.android.builder.model.v2.dsl.BaseConfig                                     : loaded 2 times (x 66B)
Class com.google.common.collect.Maps                                                  : loaded 2 times (x 67B)
Class com.google.common.base.CharMatcher$JavaUpperCase                                : loaded 2 times (x 107B)
Class com.amazon.ion.impl.lite.IonIntLite                                             : loaded 2 times (x 185B)
Class com.amazon.ion.util._Private_FastAppendable                                     : loaded 2 times (x 66B)
Class [Lcom.amazon.ion.impl.bin.IonRawBinaryWriter$PreallocationMode;                 : loaded 2 times (x 65B)
Class kotlin.sequences.DistinctSequence                                               : loaded 2 times (x 71B)
Class org.gradle.internal.time.TimeSource$1                                           : loaded 2 times (x 73B)
Class kotlin.jvm.internal.DefaultConstructorMarker                                    : loaded 2 times (x 67B)
Class org.gradle.api.specs.Spec                                                       : loaded 2 times (x 66B)
Class com.google.common.collect.MapMaker                                              : loaded 2 times (x 68B)
Class org.apache.commons.io.file.PathFilter                                           : loaded 2 times (x 66B)
Class com.google.common.reflect.Types$JavaVersion                                     : loaded 2 times (x 79B)
Class com.amazon.ion.impl.bin.IonManagedBinaryWriter$UserState$4                      : loaded 2 times (x 81B)
Class com.amazon.ion.impl.lite.IonSexpLite                                            : loaded 2 times (x 486B)
Class com.amazon.ion.impl.lite.IonListLite                                            : loaded 2 times (x 486B)
Class com.amazon.ion.IonFloat                                                         : loaded 2 times (x 66B)
Class com.google.common.cache.LocalCache$LoadingValueReference                        : loaded 2 times (x 92B)
Class com.amazon.ion.impl.LocalSymbolTable$Factory                                    : loaded 2 times (x 73B)
Class com.amazon.ion.impl.bin.IonManagedBinaryWriter$ImportedSymbolResolverMode       : loaded 2 times (x 76B)
Class com.intellij.gradle.toolingExtension.impl.model.buildScriptClasspathModel.GradleBuildScriptClasspathSerializationService: loaded 2 times (x 73B)
Class kotlin.jvm.internal.ArrayIterator                                               : loaded 2 times (x 75B)
Class com.google.common.collect.MapMakerInternalMap$StrongKeyDummyValueEntry          : loaded 2 times (x 78B)
Class org.apache.commons.io.filefilter.AndFileFilter                                  : loaded 2 times (x 123B)
Class com.google.common.io.LineReader$1                                               : loaded 2 times (x 71B)
Class com.google.common.collect.CollectSpliterators                                   : loaded 2 times (x 67B)
Class com.google.common.reflect.Invokable$MethodInvokable                             : loaded 2 times (x 103B)
Class com.google.common.collect.AbstractMapBasedMultimap$AsMap                        : loaded 2 times (x 124B)
Class com.google.common.base.Platform                                                 : loaded 2 times (x 67B)
Class com.amazon.ion.impl.LocalSymbolTableAsStruct                                    : loaded 2 times (x 122B)
Class com.amazon.ion.impl.lite.IonTimestampLite                                       : loaded 2 times (x 188B)
Class org.jetbrains.plugins.gradle.model.FileCollectionDependency                     : loaded 2 times (x 66B)
Class org.gradle.internal.impldep.gnu.trove.TObjectHashingStrategy                    : loaded 2 times (x 66B)
Class com.intellij.gradle.toolingExtension.impl.model.utilDummyModel.DummyModel       : loaded 2 times (x 66B)
Class kotlin.collections.EmptyIterator                                                : loaded 2 times (x 85B)
Class kotlin.text.StringsKt__RegexExtensionsKt                                        : loaded 2 times (x 67B)
Class org.gradle.internal.time.Clock                                                  : loaded 2 times (x 66B)
Class com.google.common.collect.AbstractMapBasedMultimap$WrappedList                  : loaded 2 times (x 201B)
Class com.android.builder.model.v2.dsl.ProductFlavor                                  : loaded 2 times (x 66B)
Class [Lcom.android.builder.model.v2.ide.TestInfo$Execution;                          : loaded 2 times (x 65B)
Class [Lorg.objectweb.asm.AnnotationWriter;                                           : loaded 2 times (x 65B)
Class com.google.common.primitives.Ints$IntConverter                                  : loaded 2 times (x 86B)
Class com.google.common.collect.Maps$8                                                : loaded 2 times (x 78B)
Class com.amazon.ion.IonString                                                        : loaded 2 times (x 66B)
Class org.jetbrains.plugins.gradle.model.GradleSourceSetDependencyModel               : loaded 2 times (x 66B)
Class kotlin.io.FilePathComponents                                                    : loaded 2 times (x 68B)
Class com.google.common.collect.CompoundOrdering                                      : loaded 2 times (x 111B)
Class kotlin.sequences.SequencesKt__SequencesJVMKt                                    : loaded 2 times (x 67B)
Class kotlin.coroutines.jvm.internal.RestrictedSuspendLambda                          : loaded 2 times (x 87B)
Class org.gradle.tooling.internal.adapter.TypeInspector                               : loaded 2 times (x 69B)
Class org.gradle.tooling.internal.adapter.ProtocolToModelAdapter$NoOpDecoration       : loaded 2 times (x 75B)
Class org.gradle.tooling.model.Element                                                : loaded 2 times (x 66B)
Class kotlin.collections.AbstractList                                                 : loaded 2 times (x 193B)
Class kotlin.collections.AbstractCollection                                           : loaded 2 times (x 113B)
Class [Lcom.google.common.collect.Iterators$EmptyModifiableIterator;                  : loaded 2 times (x 65B)
Class com.google.common.collect.Lists$ReverseList$1                                   : loaded 2 times (x 95B)
Class org.jetbrains.plugins.gradle.model.UnresolvedExternalDependency                 : loaded 2 times (x 66B)
Class org.jetbrains.kotlin.tooling.core.Extras                                        : loaded 2 times (x 66B)
Class com.google.common.collect.Sets$SetView                                          : loaded 2 times (x 134B)
Class com.google.common.cache.LocalCache$StrongValueReference                         : loaded 2 times (x 86B)
Class com.google.common.util.concurrent.AbstractFuture$SynchronizedHelper             : loaded 2 times (x 74B)
Class com.google.common.base.CharMatcher$Invisible                                    : loaded 2 times (x 108B)
Class com.amazon.ion.BufferConfiguration                                              : loaded 2 times (x 69B)
Class com.amazon.ion.system.SimpleCatalog                                             : loaded 2 times (x 87B)
Class com.intellij.gradle.toolingExtension.impl.model.taskModel.GradleTaskSerialisationService: loaded 2 times (x 72B)
Class com.android.ide.gradle.model.LegacyV1AgpVersionModel                            : loaded 2 times (x 66B)
Class kotlin.text.StringsKt__StringBuilderJVMKt                                       : loaded 2 times (x 67B)
Class kotlin.text.Regex                                                               : loaded 2 times (x 68B)
Class kotlin.sequences.SequencesKt__SequenceBuilderKt$sequence$$inlined$Sequence$1    : loaded 2 times (x 71B)
Class com.google.common.graph.SuccessorsFunction                                      : loaded 2 times (x 66B)
Class org.objectweb.asm.Type                                                          : loaded 2 times (x 68B)
Class org.jetbrains.plugins.gradle.tooling.util.IntObjectMap$1                        : loaded 2 times (x 73B)
Class org.gradle.internal.impldep.com.google.common.base.Preconditions                : loaded 2 times (x 67B)
Class org.gradle.tooling.model.internal.ImmutableDomainObjectSet                      : loaded 2 times (x 151B)
Class org.gradle.internal.classloader.VisitableURLClassLoader$InstrumentingVisitableURLClassLoader: loaded 2 times (x 119B)
Class com.google.common.collect.MapMakerInternalMap$StrongKeyDummyValueEntry$Helper   : loaded 2 times (x 75B)
Class org.apache.commons.io.file.Counters                                             : loaded 2 times (x 67B)
Class org.apache.commons.io.FileUtils                                                 : loaded 2 times (x 67B)
Class com.google.common.io.Files$FileByteSink                                         : loaded 2 times (x 73B)
Class com.android.builder.model.v2.ide.AndroidGradlePluginProjectFlags                : loaded 2 times (x 66B)
Class [Lcom.android.builder.model.v2.ide.AndroidGradlePluginProjectFlags$BooleanFlag; : loaded 2 times (x 65B)
Class com.android.builder.model.v2.ide.BasicVariant                                   : loaded 2 times (x 66B)
Class org.objectweb.asm.ByteVector                                                    : loaded 2 times (x 75B)
Class [Lcom.google.common.cache.CacheBuilder$NullListener;                            : loaded 2 times (x 65B)
Class com.google.common.math.IntMath$1                                                : loaded 2 times (x 67B)
Class [Lcom.amazon.ion.impl.bin.IonRawBinaryWriter$StreamFlushMode;                   : loaded 2 times (x 65B)
Class com.amazon.ion.UnsupportedIonVersionException                                   : loaded 2 times (x 81B)
Class kotlin.comparisons.ComparisonsKt__ComparisonsKt                                 : loaded 2 times (x 67B)
Class kotlin.ranges.RangesKt__RangesKt                                                : loaded 2 times (x 67B)
Class kotlin.collections.SetsKt___SetsKt                                              : loaded 2 times (x 67B)
Class kotlin.sequences.SequencesKt__SequencesKt                                       : loaded 2 times (x 67B)
Class kotlin.coroutines.Continuation                                                  : loaded 2 times (x 66B)
Class org.gradle.internal.classloader.VisitableURLClassLoader$Spec                    : loaded 2 times (x 70B)
Class org.gradle.internal.classpath.DefaultClassPath                                  : loaded 2 times (x 86B)
Class com.google.common.reflect.Types$ClassOwnership                                  : loaded 2 times (x 76B)
Class com.android.builder.model.v2.ide.BundleInfo                                     : loaded 2 times (x 66B)
Class com.android.builder.model.v2.ide.SourceProvider                                 : loaded 2 times (x 66B)
Class org.objectweb.asm.Symbol                                                        : loaded 2 times (x 69B)
Class com.google.common.base.AbstractIterator                                         : loaded 2 times (x 76B)
Class com.amazon.ion.impl.bin.IonManagedBinaryWriter$SymbolState                      : loaded 2 times (x 76B)
Class com.amazon.ion.IonStruct                                                        : loaded 2 times (x 66B)
Class org.jetbrains.plugins.gradle.model.GradleBuildScriptClasspathModel              : loaded 2 times (x 66B)
Class kotlin.sequences.FilteringSequence                                              : loaded 2 times (x 71B)
Class kotlin.text.CharsKt__CharJVMKt                                                  : loaded 2 times (x 67B)
Class kotlin.comparisons.ComparisonsKt                                                : loaded 2 times (x 67B)
Class kotlin.comparisons.ComparisonsKt___ComparisonsKt                                : loaded 2 times (x 67B)
Class kotlin.coroutines.jvm.internal.BaseContinuationImpl                             : loaded 2 times (x 83B)
Class kotlin.Result$Companion                                                         : loaded 2 times (x 67B)
Class org.gradle.util.internal.DefaultGradleVersion                                   : loaded 2 times (x 76B)
Class com.google.common.io.Java8Compatibility                                         : loaded 2 times (x 67B)
Class com.google.common.io.Closer                                                     : loaded 2 times (x 74B)
Class com.android.builder.model.v2.ide.AndroidArtifact                                : loaded 2 times (x 66B)
Class org.apache.commons.io.FileSystem                                                : loaded 2 times (x 76B)
Class net.rubygrapefruit.platform.NativeException                                     : loaded 2 times (x 78B)
Class com.google.common.base.CharMatcher$Ascii                                        : loaded 2 times (x 108B)
Class org.gradle.internal.classloader.ClassLoaderSpec                                 : loaded 2 times (x 67B)
Class net.rubygrapefruit.platform.internal.Platform$MacOs32Bit                        : loaded 2 times (x 78B)
Class net.rubygrapefruit.platform.internal.Platform$Linux64Bit                        : loaded 2 times (x 79B)
Class org.objectweb.asm.AnnotationWriter                                              : loaded 2 times (x 75B)
Class com.google.common.cache.CacheStats                                              : loaded 2 times (x 67B)
Class com.amazon.ion.impl.IonWriterSystemTextMarkup                                   : loaded 2 times (x 188B)
Class com.amazon.ion.impl.bin.BlockAllocator                                          : loaded 2 times (x 76B)
Class kotlin.jvm.internal.FunctionReferenceImpl                                       : loaded 2 times (x 118B)
Class kotlin.collections.CollectionsKt___CollectionsJvmKt                             : loaded 2 times (x 67B)
Class com.google.common.collect.Interners                                             : loaded 2 times (x 67B)
Class com.google.common.io.LineProcessor                                              : loaded 2 times (x 66B)
Class com.google.common.io.Closer$Suppressor                                          : loaded 2 times (x 66B)
Class com.google.common.collect.ImmutableMultisetGwtSerializationDependencies         : loaded 2 times (x 121B)
Class org.objectweb.asm.RecordComponentWriter                                         : loaded 2 times (x 74B)
Class com.google.common.util.concurrent.AbstractFuture$Listener                       : loaded 2 times (x 68B)
Class [Lcom.android.builder.model.v2.ide.ProjectType;                                 : loaded 2 times (x 65B)
Class org.gradle.api.internal.classpath.ManifestUtil                                  : loaded 2 times (x 67B)
Class com.amazon.ion.impl._Private_RecyclingQueue                                     : loaded 2 times (x 76B)
Class com.amazon.ion.system.IonWriterBuilderBase                                      : loaded 2 times (x 79B)
Class kotlin.TuplesKt                                                                 : loaded 2 times (x 67B)
Class kotlin.jvm.internal.markers.KMutableIterable                                    : loaded 2 times (x 66B)
Class kotlin.sequences.SequencesKt___SequencesJvmKt                                   : loaded 2 times (x 67B)
Class org.gradle.tooling.internal.adapter.ProtocolToModelAdapter$DefaultViewBuilder   : loaded 2 times (x 76B)
Class kotlin.Unit                                                                     : loaded 2 times (x 67B)
Class [Lcom.android.builder.model.v2.ide.AaptOptions$Namespacing;                     : loaded 2 times (x 65B)
Class com.android.ide.common.gradle.Version$Companion$ParseState                      : loaded 2 times (x 66B)
Class org.objectweb.asm.Attribute                                                     : loaded 2 times (x 73B)
Class com.google.common.base.Supplier                                                 : loaded 2 times (x 66B)
Class kotlin.ranges.RangesKt                                                          : loaded 2 times (x 67B)
Class org.gradle.tooling.internal.adapter.ProtocolToModelAdapter$ViewGraphDetails$1   : loaded 2 times (x 73B)
Class org.gradle.internal.classloader.VisitableURLClassLoader                         : loaded 2 times (x 113B)
Class net.rubygrapefruit.platform.internal.FunctionResult$Failure                     : loaded 2 times (x 75B)
Class net.rubygrapefruit.platform.internal.NativeLibraryLoader                        : loaded 2 times (x 69B)
Class org.apache.commons.io.file.PathVisitor                                          : loaded 2 times (x 66B)
Class com.android.ide.common.repository.AgpVersion$Companion                          : loaded 2 times (x 67B)
Class org.gradle.tooling.internal.adapter.ProtocolToModelAdapter$InvocationHandlerImpl: loaded 2 times (x 73B)
Class com.google.common.util.concurrent.AbstractFuture$Waiter                         : loaded 2 times (x 68B)
Class com.amazon.ion.impl.bin.IonRawBinaryWriter$1                                    : loaded 2 times (x 73B)
Class [Lcom.amazon.ion.SymbolTable;                                                   : loaded 2 times (x 65B)
Class com.amazon.ion.impl.bin.IonBinaryWriterAdapter$Factory                          : loaded 2 times (x 66B)
Class com.amazon.ion.impl.BlockedBuffer$BufferedOutputStream                          : loaded 2 times (x 86B)
Class org.jetbrains.plugins.gradle.tooling.serialization.ExternalTestsSerializationService$ReadContext: loaded 2 times (x 68B)
Class kotlin.collections.ArraysUtilJVM                                                : loaded 2 times (x 67B)
Class kotlin.sequences.FlatteningSequence$iterator$1                                  : loaded 2 times (x 75B)
Class kotlin.jvm.functions.Function0                                                  : loaded 2 times (x 66B)
Class org.gradle.tooling.model.build.GradleEnvironment                                : loaded 2 times (x 66B)
Class org.jetbrains.plugins.gradle.tooling.util.IntObjectMap$ObjectFactory            : loaded 2 times (x 66B)
Class org.gradle.tooling.model.idea.IdeaDependency                                    : loaded 2 times (x 66B)
Class com.google.common.collect.MapMakerInternalMap                                   : loaded 2 times (x 157B)
Class com.android.builder.model.v2.ide.AaptOptions                                    : loaded 2 times (x 66B)
Class [Lcom.android.builder.model.v2.ide.BytecodeTransformation;                      : loaded 2 times (x 65B)
Class com.android.ide.common.gradle.Version$Companion                                 : loaded 2 times (x 67B)
Class com.google.common.collect.Sets                                                  : loaded 2 times (x 67B)
Class org.objectweb.asm.Handler                                                       : loaded 2 times (x 68B)
Class com.google.common.base.Ticker                                                   : loaded 2 times (x 68B)
Class com.google.common.base.Strings                                                  : loaded 2 times (x 67B)
Class com.amazon.ion.IonException                                                     : loaded 2 times (x 80B)
Class com.amazon.ion.impl.bin.AbstractIonWriter$WriteValueOptimization                : loaded 2 times (x 75B)
Class kotlin.collections.AbstractMutableList                                          : loaded 2 times (x 202B)
Class kotlin.jvm.functions.Function1                                                  : loaded 2 times (x 66B)
Class org.gradle.internal.agents.InstrumentingClassLoader                             : loaded 2 times (x 66B)
Class com.android.builder.model.v2.models.ndk.NativeModelBuilderParameter             : loaded 2 times (x 66B)
Class [Lcom.google.common.cache.LocalCache$Segment;                                   : loaded 2 times (x 65B)
Class [Lcom.google.common.cache.LocalCache$Strength;                                  : loaded 2 times (x 65B)
Class com.google.common.cache.CacheBuilder$1                                          : loaded 2 times (x 81B)
Class com.amazon.ion.impl.bin.IonManagedBinaryWriter$UserState$3                      : loaded 2 times (x 81B)
Class com.google.common.util.concurrent.ExecutionError                                : loaded 2 times (x 78B)
Class com.amazon.ion.impl.bin.BlockAllocatorProvider                                  : loaded 2 times (x 68B)
Class org.jetbrains.plugins.gradle.tooling.serialization.internal.IdeaProjectSerializationService$WriteContext: loaded 2 times (x 68B)
Class com.intellij.gradle.toolingExtension.impl.model.sourceSetDependencyModel.GradleSourceSetDependencySerialisationService: loaded 2 times (x 73B)
Class org.jetbrains.plugins.gradle.model.GradleSourceSetModel                         : loaded 2 times (x 66B)
Class kotlin.KotlinNothingValueException                                              : loaded 2 times (x 78B)
Class kotlin.jvm.functions.Function2                                                  : loaded 2 times (x 66B)
Class org.gradle.internal.classpath.DefaultClassPath$ImmutableUniqueList$Builder      : loaded 2 times (x 71B)
Class com.google.common.collect.MapMakerInternalMap$WeakValueReference                : loaded 2 times (x 66B)
Class com.google.common.collect.ImmutableEnumSet                                      : loaded 2 times (x 142B)
Class com.google.common.cache.LocalCache                                              : loaded 2 times (x 183B)
Class com.google.common.cache.CacheBuilder$2                                          : loaded 2 times (x 68B)
Class com.android.builder.model.v2.models.VariantDependenciesAdjacencyList            : loaded 2 times (x 66B)
Class com.amazon.ion.impl.lite.IonSequenceLite                                        : loaded 2 times (x 428B)
Class com.amazon.ion.impl._Private_Utils$1                                            : loaded 2 times (x 85B)
Class com.amazon.ion.impl.SymbolTableAsStruct                                         : loaded 2 times (x 66B)
Class com.android.ide.gradle.model.dependencies.Coordinates                           : loaded 2 times (x 66B)
Class kotlin.collections.MapsKt___MapsJvmKt                                           : loaded 2 times (x 67B)
Class org.gradle.tooling.internal.adapter.WeakIdentityHashMap$AbsentValueProvider     : loaded 2 times (x 66B)
Class com.google.common.collect.AbstractMapBasedMultimap$WrappedCollection            : loaded 2 times (x 120B)
Class net.rubygrapefruit.platform.internal.Platform$FreeBSD                           : loaded 2 times (x 78B)
Class com.google.common.collect.ArrayListMultimap                                     : loaded 2 times (x 168B)
Class com.google.common.base.AbstractIterator$1                                       : loaded 2 times (x 67B)
Class com.google.common.base.CharMatcher$Digit                                        : loaded 2 times (x 108B)
Class com.amazon.ion.impl.bin.AbstractIonWriter                                       : loaded 2 times (x 157B)
Class org.jetbrains.plugins.gradle.tooling.util.ObjectCollector$Processor             : loaded 2 times (x 66B)
Class org.jetbrains.kotlin.idea.gradleTooling.model.samWithReceiver.SamWithReceiverModel: loaded 2 times (x 66B)
Class kotlin.jvm.functions.Function4                                                  : loaded 2 times (x 66B)
Class kotlin.collections.EmptySet                                                     : loaded 2 times (x 118B)
Class kotlin.annotation.Target                                                        : loaded 2 times (x 66B)
Class kotlin.collections.CollectionsKt___CollectionsKt                                : loaded 2 times (x 67B)
Class org.gradle.internal.classloader.ClassLoaderHierarchy                            : loaded 2 times (x 66B)
Class org.gradle.internal.exceptions.NonGradleCauseExceptionsHolder                   : loaded 2 times (x 66B)
Class org.gradle.tooling.model.idea.IdeaModuleDependency                              : loaded 2 times (x 66B)
Class org.gradle.tooling.internal.adapter.ViewBuilder                                 : loaded 2 times (x 66B)
Class com.google.common.base.Suppliers$MemoizingSupplier                              : loaded 2 times (x 75B)
Class com.android.builder.model.v2.ide.AndroidLibraryData                             : loaded 2 times (x 66B)
Class com.android.builder.model.v2.ide.ApiVersion                                     : loaded 2 times (x 66B)
Class org.apache.commons.io.StandardLineSeparator                                     : loaded 2 times (x 75B)
Class com.android.ide.common.gradle.Version                                           : loaded 2 times (x 71B)
Class com.google.common.collect.CollectPreconditions                                  : loaded 2 times (x 67B)
Class com.google.common.base.CharMatcher$JavaIsoControl                               : loaded 2 times (x 108B)
Class com.amazon.ion.system.IonReaderBuilder                                          : loaded 2 times (x 89B)
Class org.jetbrains.plugins.gradle.model.AnnotationProcessingConfig                   : loaded 2 times (x 66B)
Class com.amazon.ion.IonReader                                                        : loaded 2 times (x 66B)
Class kotlin.text.StringsKt___StringsJvmKt                                            : loaded 2 times (x 67B)
Class kotlin.reflect.KDeclarationContainer                                            : loaded 2 times (x 66B)
Class kotlin.annotation.Retention                                                     : loaded 2 times (x 66B)
Class [Lcom.google.common.collect.MapMakerInternalMap$Strength;                       : loaded 2 times (x 65B)
Class [Lcom.google.common.io.FileWriteMode;                                           : loaded 2 times (x 65B)
Class com.android.builder.model.v2.models.Versions$Version                            : loaded 2 times (x 66B)
Class com.google.common.collect.SortedMapDifference                                   : loaded 2 times (x 66B)
Class com.google.common.base.CharMatcher$JavaLowerCase                                : loaded 2 times (x 107B)
Class com.amazon.ion.IonClob                                                          : loaded 2 times (x 66B)
Class org.jetbrains.plugins.gradle.tooling.ModelBuilderService$Parameter              : loaded 2 times (x 66B)
Class kotlin.io.FilesKt                                                               : loaded 2 times (x 67B)
Class kotlin.collections.MapsKt___MapsKt                                              : loaded 2 times (x 67B)
Class kotlin.collections.ArraysKt___ArraysKt                                          : loaded 2 times (x 67B)
Class net.rubygrapefruit.platform.internal.NativeLibraryLocator                       : loaded 2 times (x 69B)
Class net.rubygrapefruit.platform.Process                                             : loaded 2 times (x 66B)
Class com.google.common.collect.MapMakerInternalMap$StrongKeyDummyValueSegment        : loaded 2 times (x 138B)
Class com.google.common.collect.Iterables$4                                           : loaded 2 times (x 77B)
Class com.google.common.cache.LocalCache$WriteThroughEntry                            : loaded 2 times (x 75B)
Class com.google.common.cache.LocalCache$HashIterator                                 : loaded 2 times (x 82B)
Class com.google.common.io.Files                                                      : loaded 2 times (x 67B)
Class com.google.common.cache.LocalCache$EntryFactory                                 : loaded 2 times (x 79B)
Class com.amazon.ion.impl.lite.IonLobLite                                             : loaded 2 times (x 180B)
Class com.amazon.ion.impl.lite.IonTextLite                                            : loaded 2 times (x 177B)
Class com.amazon.ion.IonNumber                                                        : loaded 2 times (x 66B)
Class org.gradle.internal.impldep.gnu.trove.TObjectIntProcedure                       : loaded 2 times (x 66B)
Class kotlin.collections.MapsKt__MapWithDefaultKt                                     : loaded 2 times (x 67B)
Class org.gradle.tooling.internal.adapter.ProtocolToModelAdapter$ReflectionMethodInvoker: loaded 2 times (x 72B)
Class [Lcom.google.common.collect.MapMaker$Dummy;                                     : loaded 2 times (x 65B)
Class com.google.common.reflect.Types$NativeTypeVariableEquals                        : loaded 2 times (x 67B)
Class com.google.common.reflect.TypeParameter                                         : loaded 2 times (x 68B)
Class [Lcom.android.ide.common.gradle.Separator;                                      : loaded 2 times (x 65B)
Class org.jetbrains.kotlin.tooling.core.HasMutableExtras                              : loaded 2 times (x 66B)
Class com.google.common.cache.LocalCache$AbstractReferenceEntry                       : loaded 2 times (x 103B)
Class com.google.common.base.Splitter$1$1                                             : loaded 2 times (x 82B)
Class com.google.common.base.CharMatcher$Whitespace                                   : loaded 2 times (x 108B)
Class [Lcom.amazon.ion.impl.bin.IonManagedBinaryWriter$UserState;                     : loaded 2 times (x 65B)
Class com.amazon.ion.impl.bin.utf8.Utf8StringEncoder                                  : loaded 2 times (x 76B)
Class com.amazon.ion.IonBool                                                          : loaded 2 times (x 66B)
Class org.jetbrains.kotlin.idea.gradleTooling.model.assignment.AssignmentModel        : loaded 2 times (x 66B)
Class kotlin.text.StringsKt___StringsKt                                               : loaded 2 times (x 67B)
Class com.google.common.collect.NullsLastOrdering                                     : loaded 2 times (x 111B)
Class kotlin.collections.CollectionsKt__MutableCollectionsJVMKt                       : loaded 2 times (x 67B)
Class kotlin.collections.CollectionsKt__ReversedViewsKt                               : loaded 2 times (x 67B)
Class kotlin.enums.EnumEntriesKt                                                      : loaded 2 times (x 67B)
Class build_d531ajpvqxhgf6lf47bbgl3iy                                                 : loaded 2 times (x 176B)
Class com.google.common.collect.ImmutableMapKeySet                                    : loaded 2 times (x 146B)
Class org.apache.commons.io.filefilter.TrueFileFilter                                 : loaded 2 times (x 90B)
Class com.android.builder.model.v2.models.VariantDependencies                         : loaded 2 times (x 66B)
Class kotlin.sequences.SequencesKt__SequenceBuilderKt                                 : loaded 2 times (x 67B)
Class org.objectweb.asm.SymbolTable                                                   : loaded 2 times (x 68B)
Class com.google.common.cache.CacheLoader$InvalidCacheLoadException                   : loaded 2 times (x 78B)
Class kotlin.jvm.internal.CollectionToArray                                           : loaded 2 times (x 67B)
Class com.google.common.base.CharMatcher$SingleWidth                                  : loaded 2 times (x 108B)
Class com.amazon.ion.IonLoader                                                        : loaded 2 times (x 66B)
Class org.jetbrains.plugins.gradle.model.GradleProperty                               : loaded 2 times (x 66B)
Class org.gradle.internal.classloader.SystemClassLoaderSpec                           : loaded 2 times (x 67B)
Class com.google.common.collect.FluentIterable                                        : loaded 2 times (x 77B)
Class com.android.builder.model.v2.ide.TestedTargetVariant                            : loaded 2 times (x 66B)
Class com.google.common.cache.LocalCache$StrongEntry                                  : loaded 2 times (x 104B)
Class com.google.common.util.concurrent.AbstractFuture$TrustedFuture                  : loaded 2 times (x 110B)
Class com.google.common.cache.LoadingCache                                            : loaded 2 times (x 66B)
Class com.amazon.ion.impl._Private_Utils                                              : loaded 2 times (x 67B)
Class kotlin.ranges.IntRange$Companion                                                : loaded 2 times (x 67B)
Class kotlin.text.MatcherMatchResult$groups$1                                         : loaded 2 times (x 147B)
Class kotlin.collections.EmptyMap                                                     : loaded 2 times (x 105B)
Class kotlin.reflect.KAnnotatedElement                                                : loaded 2 times (x 66B)
Class kotlin.jvm.internal.markers.KMutableCollection                                  : loaded 2 times (x 66B)
Class kotlin.coroutines.intrinsics.IntrinsicsKt                                       : loaded 2 times (x 67B)
Class org.gradle.internal.exceptions.MultiCauseException                              : loaded 2 times (x 66B)
Class org.gradle.internal.time.CountdownTimer                                         : loaded 2 times (x 66B)
Class kotlin.jvm.internal.Intrinsics                                                  : loaded 2 times (x 67B)
Class net.rubygrapefruit.platform.ProcessLauncher                                     : loaded 2 times (x 66B)
Class com.google.common.base.Suppliers$NonSerializableMemoizingSupplier               : loaded 2 times (x 75B)
Class org.objectweb.asm.MethodWriter                                                  : loaded 2 times (x 102B)
Class [Lcom.google.common.cache.Weigher;                                              : loaded 2 times (x 65B)
Class kotlin.io.FilesKt__FileTreeWalkKt                                               : loaded 2 times (x 67B)
Class com.intellij.gradle.toolingExtension.impl.model.projectModel.GradleExternalProjectSerializationService$ReadContext: loaded 2 times (x 69B)
Class com.intellij.gradle.toolingExtension.impl.model.dependencyModel.DependencyWriteContext: loaded 2 times (x 68B)
Class org.jetbrains.kotlin.idea.gradleTooling.model.parcelize.ParcelizeGradleModel    : loaded 2 times (x 66B)
Class kotlin.collections.MapsKt                                                       : loaded 2 times (x 67B)
Class kotlin.coroutines.intrinsics.CoroutineSingletons                                : loaded 2 times (x 75B)
Class kotlin.collections.CollectionsKt__IterablesKt                                   : loaded 2 times (x 67B)
Class org.gradle.tooling.model.ProjectModel                                           : loaded 2 times (x 66B)
Class com.google.common.collect.AbstractMapBasedMultimap$RandomAccessWrappedList      : loaded 2 times (x 201B)
Class com.google.common.collect.ImmutableMultimap$1                                   : loaded 2 times (x 78B)
Class com.android.ide.common.gradle.Version$Companion$ParseState$EMPTY                : loaded 2 times (x 70B)
Class org.jetbrains.plugins.gradle.model.GradleConfiguration                          : loaded 2 times (x 66B)
Class com.amazon.ion.impl.bin.utf8.Utf8StringEncoderPool                              : loaded 2 times (x 70B)
Class com.amazon.ion.impl._Private_IonSystem                                          : loaded 2 times (x 66B)
Class com.amazon.ion.BufferConfiguration$OversizedValueHandler                        : loaded 2 times (x 66B)
Class kotlin.ranges.OpenEndRange                                                      : loaded 2 times (x 66B)
Class kotlin.sequences.SequenceBuilderIterator                                        : loaded 2 times (x 81B)
Class kotlin.KotlinNullPointerException                                               : loaded 2 times (x 79B)
Class com.google.common.collect.AbstractIterator$State                                : loaded 2 times (x 75B)
Class com.android.ide.common.repository.AgpVersion$Companion$WhenMappings             : loaded 2 times (x 67B)
Class com.google.common.reflect.Types$JavaVersion$1                                   : loaded 2 times (x 79B)
Class com.google.common.collect.ImmutableMultimap$2                                   : loaded 2 times (x 77B)
Class com.google.common.collect.RegularImmutableBiMap                                 : loaded 2 times (x 144B)
Class com.google.common.cache.LocalCache$ValueReference                               : loaded 2 times (x 66B)
Class kotlin.sequences.FilteringSequence$iterator$1                                   : loaded 2 times (x 75B)
Class com.intellij.gradle.toolingExtension.impl.model.sourceSetModel.GradleSourceSetSerialisationService$Companion: loaded 2 times (x 67B)
Class com.amazon.ion.IonDecimal                                                       : loaded 2 times (x 66B)
Class org.jetbrains.plugins.gradle.model.tests.ExternalTestsModel                     : loaded 2 times (x 66B)
Class kotlin.ranges.RangesKt___RangesKt                                               : loaded 2 times (x 67B)
Class org.gradle.tooling.model.idea.IdeaLanguageLevel                                 : loaded 2 times (x 66B)
Class org.gradle.tooling.internal.adapter.ProtocolToModelAdapter$SafeMethodInvoker    : loaded 2 times (x 72B)
Class org.gradle.tooling.internal.adapter.WeakIdentityHashMap$WeakKey                 : loaded 2 times (x 75B)
Class org.gradle.internal.exceptions.DefaultMultiCauseException                       : loaded 2 times (x 91B)
Class com.google.common.reflect.Types$JavaVersion$2                                   : loaded 2 times (x 79B)
Class com.google.common.reflect.Types                                                 : loaded 2 times (x 67B)
Class com.android.builder.model.v2.ide.ProjectInfo                                    : loaded 2 times (x 66B)
Class com.google.common.util.concurrent.AbstractFuture$Failure                        : loaded 2 times (x 68B)
Class com.google.common.base.Equivalence$Equals                                       : loaded 2 times (x 78B)
Class com.google.common.collect.Hashing                                               : loaded 2 times (x 67B)
Class com.google.common.base.PatternCompiler                                          : loaded 2 times (x 66B)
Class com.amazon.ion.impl._Private_IonValue                                           : loaded 2 times (x 66B)
Class com.amazon.ion.impl.bin.IonRawBinaryWriter$StreamCloseMode                      : loaded 2 times (x 75B)
Class com.amazon.ion.impl._Private_IonBinaryWriterBuilder$Mutable                     : loaded 2 times (x 111B)
Class com.intellij.gradle.toolingExtension.impl.model.projectModel.GradleExternalProjectSerializationService: loaded 2 times (x 73B)
Class kotlin.text.CharsKt__CharKt                                                     : loaded 2 times (x 67B)
Class kotlin.collections.ArraysKt                                                     : loaded 2 times (x 67B)
Class kotlin.collections.ArrayDeque$Companion                                         : loaded 2 times (x 67B)
Class org.gradle.tooling.model.HierarchicalElement                                    : loaded 2 times (x 66B)
Class com.google.common.io.CharSink                                                   : loaded 2 times (x 75B)
Class [Lorg.apache.commons.io.file.DeleteOption;                                      : loaded 2 times (x 65B)
Class com.google.common.reflect.Types$JavaVersion$3                                   : loaded 2 times (x 79B)
Class com.amazon.ion.impl.bin.IonManagedBinaryWriter$UserState$2                      : loaded 2 times (x 81B)
Class com.android.builder.model.v2.dsl.DependenciesInfo                               : loaded 2 times (x 66B)
Class [Lcom.google.common.base.AbstractIterator$State;                                : loaded 2 times (x 65B)
Class org.objectweb.asm.Label                                                         : loaded 2 times (x 69B)
Class org.objectweb.asm.CurrentFrame                                                  : loaded 2 times (x 69B)
Class org.objectweb.asm.ClassTooLargeException                                        : loaded 2 times (x 79B)
Class com.google.common.io.FileWriteMode                                              : loaded 2 times (x 75B)
Class [Lcom.google.common.collect.MapMakerInternalMap$Segment;                        : loaded 2 times (x 65B)
Class build_d7584nixh7x4l4ch5t4pw0uyv$_run_closure1$_closure3                         : loaded 2 times (x 135B)
Class build_d7584nixh7x4l4ch5t4pw0uyv                                                 : loaded 2 times (x 176B)
Class com.amazon.ion.impl.bin.IonRawBinaryWriter$PatchPoint                           : loaded 2 times (x 69B)
Class com.amazon.ion.IonBlob                                                          : loaded 2 times (x 66B)
Class com.amazon.ion.IonLob                                                           : loaded 2 times (x 66B)
Class com.amazon.ion.IonSequence                                                      : loaded 2 times (x 66B)
Class org.jetbrains.plugins.gradle.tooling.serialization.ExternalTestsSerializationService: loaded 2 times (x 73B)
Class com.google.common.collect.ByFunctionOrdering                                    : loaded 2 times (x 111B)
Class kotlin.collections.SetsKt__SetsKt                                               : loaded 2 times (x 67B)
Class kotlin.coroutines.EmptyCoroutineContext                                         : loaded 2 times (x 73B)
Class org.gradle.internal.time.Time                                                   : loaded 2 times (x 67B)
Class com.google.common.collect.MapMakerInternalMap$InternalEntryHelper               : loaded 2 times (x 66B)
Class com.google.common.collect.Maps$IteratorBasedAbstractMap                         : loaded 2 times (x 121B)
Class com.android.ide.common.repository.AgpVersion$PreviewKind                        : loaded 2 times (x 75B)
Class com.google.common.reflect.Types$JavaVersion$4                                   : loaded 2 times (x 79B)
Class com.android.ide.common.gradle.Version$Companion$ParseState$NUMERIC              : loaded 2 times (x 70B)
Class com.google.common.cache.LocalCache$ValueIterator                                : loaded 2 times (x 82B)
Class net.rubygrapefruit.platform.internal.Platform$FreeBSD64Bit                      : loaded 2 times (x 78B)
Class org.objectweb.asm.Frame                                                         : loaded 2 times (x 69B)
Class org.objectweb.asm.MethodVisitor                                                 : loaded 2 times (x 101B)
Class com.google.common.cache.LocalCache$EntryFactory$1                               : loaded 2 times (x 79B)
Class [Lcom.google.common.cache.RemovalListener;                                      : loaded 2 times (x 65B)
Class org.gradle.internal.classloader.FilteringClassLoader                            : loaded 2 times (x 101B)
Class kotlin.NotImplementedError                                                      : loaded 2 times (x 78B)
Class com.amazon.ion.system.IonTextWriterBuilder                                      : loaded 2 times (x 94B)
Class com.amazon.ion.impl.bin.IonManagedBinaryWriter$ImportedSymbolResolverMode$1$1$1 : loaded 2 times (x 72B)
Class com.amazon.ion.impl._Private_LocalSymbolTableFactory                            : loaded 2 times (x 66B)
Class org.jetbrains.plugins.gradle.tooling.serialization.AnnotationProcessingModelSerializationService: loaded 2 times (x 73B)
Class kotlin.collections.ArraysKt__ArraysJVMKt                                        : loaded 2 times (x 67B)
Class sync_studio_tooling11337_6ejmyw7z5fddxtrennzvaimi8                              : loaded 2 times (x 175B)
Class com.google.common.reflect.Types$JavaVersion$5                                   : loaded 2 times (x 67B)
Class [Lcom.google.common.reflect.Types$ClassOwnership;                               : loaded 2 times (x 65B)
Class kotlin.sequences.FlatteningSequence                                             : loaded 2 times (x 71B)
Class com.google.common.cache.LocalCache$EntryFactory$2                               : loaded 2 times (x 79B)
Class com.amazon.ion.impl.lite.IonNullLite                                            : loaded 2 times (x 171B)
Class [Lcom.intellij.openapi.externalSystem.model.project.dependencies.ResolutionState;: loaded 2 times (x 65B)
Class org.gradle.internal.impldep.gnu.trove.TObjectHash                               : loaded 2 times (x 90B)
Class org.jetbrains.plugins.gradle.model.DependencyAccessorsModel                     : loaded 2 times (x 66B)
Class kotlin.text.StringsKt__StringBuilderKt                                          : loaded 2 times (x 67B)
Class kotlin.jvm.internal.CallableReference$NoReceiver                                : loaded 2 times (x 67B)
Class com.android.builder.model.v2.dsl.ClassField                                     : loaded 2 times (x 66B)
Class com.google.common.collect.CollectCollectors                                     : loaded 2 times (x 67B)
Class org.objectweb.asm.ModuleWriter                                                  : loaded 2 times (x 78B)
Class com.google.common.cache.LocalCache$EntryFactory$3                               : loaded 2 times (x 79B)
Class com.google.common.base.Ticker$1                                                 : loaded 2 times (x 68B)
Class kotlin.text.MatcherMatchResult                                                  : loaded 2 times (x 76B)
Class com.google.common.collect.Maps$BiMapConverter                                   : loaded 2 times (x 86B)
Class com.amazon.ion.impl.lite.IonClobLite                                            : loaded 2 times (x 216B)
Class com.amazon.ion.impl._Private_ValueFactory                                       : loaded 2 times (x 66B)
Class com.amazon.ion.impl.bin.IonRawBinaryWriter$PreallocationMode$1                  : loaded 2 times (x 78B)
Class [Lcom.amazon.ion.impl.bin._Private_IonManagedBinaryWriterBuilder$AllocatorMode; : loaded 2 times (x 65B)
Class org.jetbrains.kotlin.idea.gradleTooling.KotlinMPPGradleModel                    : loaded 2 times (x 66B)
Class com.intellij.gradle.toolingExtension.impl.model.dependencyDownloadPolicyModel.GradleDependencyDownloadPolicy: loaded 2 times (x 66B)
Class kotlin.NoWhenBranchMatchedException                                             : loaded 2 times (x 78B)
Class org.gradle.tooling.model.BuildIdentifier                                        : loaded 2 times (x 66B)
Class net.rubygrapefruit.platform.internal.Platform$MacOs                             : loaded 2 times (x 78B)
Class net.rubygrapefruit.platform.internal.Platform$Window64Bit                       : loaded 2 times (x 75B)
Class kotlin.text.MatchGroupCollection                                                : loaded 2 times (x 66B)
Class com.android.builder.model.v2.ide.VectorDrawablesOptions                         : loaded 2 times (x 66B)
Class com.google.common.cache.LocalCache$EntryFactory$4                               : loaded 2 times (x 79B)
Class kotlin.text.StringsKt__StringsKt                                                : loaded 2 times (x 67B)
Class com.android.ide.gradle.model.dependencies.DeclaredDependencies                  : loaded 2 times (x 66B)
Class com.amazon.ion.IonInt                                                           : loaded 2 times (x 66B)
Class com.amazon.ion.impl.bin.IonRawBinaryWriter$PreallocationMode$2                  : loaded 2 times (x 78B)
Class org.jetbrains.kotlin.idea.gradleTooling.PrepareKotlinIdeImportTaskModel         : loaded 2 times (x 66B)
Class com.android.builder.model.v2.ide.Edge                                           : loaded 2 times (x 66B)
Class com.google.common.cache.LocalCache$EntryFactory$5                               : loaded 2 times (x 79B)
Class com.amazon.ion.impl.bin.IonRawBinaryWriter$PreallocationMode$3                  : loaded 2 times (x 78B)
Class com.android.ide.gradle.model.GradlePluginModel                                  : loaded 2 times (x 66B)
Class com.google.common.collect.ReverseOrdering                                       : loaded 2 times (x 111B)
Class org.gradle.tooling.model.build.JavaEnvironment                                  : loaded 2 times (x 66B)
Class com.android.builder.model.v2.ide.SourceSetContainer                             : loaded 2 times (x 66B)
Class org.apache.commons.io.output.AppendableWriter                                   : loaded 2 times (x 96B)
Class com.google.common.cache.LocalCache$EntryFactory$6                               : loaded 2 times (x 79B)
Class org.jetbrains.plugins.gradle.model.GradleExtension                              : loaded 2 times (x 66B)
Class com.amazon.ion.impl.lite.IonDecimalLite                                         : loaded 2 times (x 184B)
Class com.amazon.ion.IonBufferConfiguration$Builder                                   : loaded 2 times (x 74B)
Class sync_studio_tooling8959_5zgwc062th1vufdldiyl2hjir                               : loaded 2 times (x 175B)
Class org.gradle.internal.time.Timer                                                  : loaded 2 times (x 66B)
Class kotlin.jvm.internal.markers.KMappedMarker                                       : loaded 2 times (x 66B)
Class org.gradle.internal.installation.CurrentGradleInstallationLocator               : loaded 2 times (x 67B)
Class org.apache.commons.io.file.SimplePathVisitor                                    : loaded 2 times (x 81B)
Class com.google.common.collect.Maps$KeySet                                           : loaded 2 times (x 133B)
Class com.google.common.collect.ImmutableMultimap$Builder                             : loaded 2 times (x 79B)
Class com.android.builder.model.v2.ide.LintOptions                                    : loaded 2 times (x 66B)
Class org.apache.commons.io.output.ThresholdingOutputStream                           : loaded 2 times (x 90B)
Class com.google.common.cache.LocalCache$EntryFactory$7                               : loaded 2 times (x 79B)
Class com.google.common.collect.ImmutableSet$EmptySetBuilderImpl                      : loaded 2 times (x 72B)
Class org.jetbrains.plugins.gradle.tooling.serialization.internal.IdeaProjectSerializationService$ReadContext: loaded 2 times (x 68B)
Class [Lcom.amazon.ion.impl.bin.IonRawBinaryWriter$ContainerType;                     : loaded 2 times (x 65B)
Class org.gradle.tooling.internal.adapter.ProtocolToModelAdapter$ViewGraphDetails     : loaded 2 times (x 68B)
Class org.gradle.tooling.model.idea.IdeaProject                                       : loaded 2 times (x 66B)
Class org.gradle.tooling.model.DomainObjectSet                                        : loaded 2 times (x 66B)
Class org.gradle.internal.service.DefaultServiceLocator                               : loaded 2 times (x 79B)
Class com.google.common.cache.LocalCache$SoftValueReference                           : loaded 2 times (x 93B)
Class com.google.common.collect.Maps$EntrySet                                         : loaded 2 times (x 132B)
Class com.google.common.collect.ImmutableMultimap$EntryCollection                     : loaded 2 times (x 123B)
Class com.android.builder.model.v2.ide.BasicArtifact                                  : loaded 2 times (x 66B)
Class com.google.common.cache.LocalCache$EntryFactory$8                               : loaded 2 times (x 79B)
Class com.amazon.ion.impl.bin.IonManagedBinaryWriter$UserState$1                      : loaded 2 times (x 81B)
Class com.amazon.ion.impl.bin.utf8.Utf8StringEncoder$Result                           : loaded 2 times (x 70B)
Class com.amazon.ion.impl.bin.utf8.Pool$Allocator                                     : loaded 2 times (x 66B)
Class com.amazon.ion.IonText                                                          : loaded 2 times (x 66B)
Class com.amazon.ion.impl.SymbolTokenImpl                                             : loaded 2 times (x 77B)
Class com.amazon.ion.SubstituteSymbolTableException                                   : loaded 2 times (x 80B)
Class com.google.common.collect.ComparisonChain$InactiveComparisonChain               : loaded 2 times (x 76B)
Class kotlin.coroutines.jvm.internal.SuspendFunction                                  : loaded 2 times (x 66B)
Class org.gradle.util.GradleVersion                                                   : loaded 2 times (x 75B)
Class org.gradle.internal.installation.CurrentGradleInstallation                      : loaded 2 times (x 69B)
Class com.google.common.cache.CacheLoader$1                                           : loaded 2 times (x 71B)
Class com.google.common.base.Equivalence$Identity                                     : loaded 2 times (x 78B)
Class com.google.common.base.PairwiseEquivalence                                      : loaded 2 times (x 79B)
Class com.amazon.ion.impl.bin.IonManagedBinaryWriter$ImportDescriptor                 : loaded 2 times (x 72B)
Class com.amazon.ion.SymbolTable                                                      : loaded 2 times (x 66B)
Class org.jetbrains.plugins.gradle.tooling.serialization.GradleExtensionsSerializationService$WriteContext: loaded 2 times (x 68B)
Class com.intellij.gradle.toolingExtension.impl.model.taskModel.GradleTaskSerialisationService$Companion: loaded 2 times (x 67B)
Class org.jetbrains.plugins.gradle.javaModel.JavaGradleManifestModel                  : loaded 2 times (x 66B)
Class kotlin.jvm.internal.Ref$BooleanRef                                              : loaded 2 times (x 67B)
Class kotlin.jvm.internal.StringCompanionObject                                       : loaded 2 times (x 67B)
Class kotlin.coroutines.intrinsics.IntrinsicsKt__IntrinsicsJvmKt                      : loaded 2 times (x 67B)
Class kotlin.coroutines.jvm.internal.CoroutineStackFrame                              : loaded 2 times (x 66B)
Class org.gradle.tooling.internal.adapter.ProtocolToModelAdapter$MethodInvocationCache$MethodInvocationKey: loaded 2 times (x 69B)
Class org.gradle.util.internal.GUtil                                                  : loaded 2 times (x 67B)
Class com.google.common.io.ByteSource                                                 : loaded 2 times (x 80B)
Class com.google.common.util.concurrent.AbstractFuture$SetFuture                      : loaded 2 times (x 71B)
Class com.android.utils.StringHelper                                                  : loaded 2 times (x 67B)
Class com.google.common.cache.AbstractCache$StatsCounter                              : loaded 2 times (x 66B)
Class [Lcom.amazon.ion.impl.bin.IonManagedBinaryWriter$SymbolState;                   : loaded 2 times (x 65B)
Class com.amazon.ion.impl._Private_IonWriterBase                                      : loaded 2 times (x 158B)
Class com.amazon.ion.system.IonSystemBuilder                                          : loaded 2 times (x 71B)
Class com.amazon.ion.IonCatalog                                                       : loaded 2 times (x 66B)
Class com.intellij.gradle.toolingExtension.impl.model.sourceSetModel.GradleSourceSetSerialisationService$SourceSetModelReadContext: loaded 2 times (x 68B)
Class com.intellij.gradle.toolingExtension.impl.model.utilTurnOffDefaultTasksModel.TurnOffDefaultTasks: loaded 2 times (x 66B)
Class kotlin.io.NoSuchFileException                                                   : loaded 2 times (x 78B)
Class kotlin.collections.CollectionsKt                                                : loaded 2 times (x 67B)
Class com.google.common.collect.MapMakerInternalMap$1                                 : loaded 2 times (x 79B)
Class com.google.common.io.LineBuffer                                                 : loaded 2 times (x 71B)
Class com.google.common.reflect.Types$TypeVariableImpl                                : loaded 2 times (x 68B)
Class com.android.builder.model.v2.dsl.BuildType                                      : loaded 2 times (x 66B)
Class com.android.builder.model.v2.ide.ViewBindingOptions                             : loaded 2 times (x 66B)
Class org.gradle.internal.time.MonotonicClock                                         : loaded 2 times (x 73B)
Class com.intellij.gradle.toolingExtension.impl.model.sourceSetModel.GradleSourceSetSerialisationService$SourceSetModelWriteContext: loaded 2 times (x 68B)
Class kotlin.ranges.IntProgressionIterator                                            : loaded 2 times (x 78B)
Class kotlin.coroutines.CoroutineContext                                              : loaded 2 times (x 66B)
Class kotlin.coroutines.jvm.internal.DebugProbesKt                                    : loaded 2 times (x 67B)
Class org.gradle.tooling.internal.adapter.WeakIdentityHashMap                         : loaded 2 times (x 72B)
Class org.gradle.tooling.GradleConnectionException                                    : loaded 2 times (x 79B)
Class org.gradle.tooling.internal.adapter.ProtocolToModelAdapter$1                    : loaded 2 times (x 71B)
Class org.gradle.tooling.internal.adapter.ProtocolToModelAdapter$ViewDecoration       : loaded 2 times (x 66B)
Class org.gradle.internal.installation.GradleInstallation                             : loaded 2 times (x 71B)
Class com.google.common.collect.ElementTypesAreNonnullByDefault                       : loaded 2 times (x 66B)
Class com.google.common.io.LineReader                                                 : loaded 2 times (x 68B)
Class com.google.common.base.Splitter$Strategy                                        : loaded 2 times (x 66B)
Class com.amazon.ion.impl._Private_RecyclingQueue$Recycler                            : loaded 2 times (x 66B)
Class com.amazon.ion.impl.lite.ContainerlessContext                                   : loaded 2 times (x 76B)
Class org.jetbrains.plugins.gradle.tooling.serialization.GradleExtensionsSerializationService$ReadContext: loaded 2 times (x 68B)
Class com.google.common.collect.ForwardingCollection                                  : loaded 2 times (x 126B)
Class com.google.common.collect.LexicographicalOrdering                               : loaded 2 times (x 111B)
Class org.gradle.tooling.internal.adapter.MethodInvoker                               : loaded 2 times (x 66B)
Class com.android.ide.common.gradle.Part                                              : loaded 2 times (x 73B)
Class com.google.common.collect.Lists$RandomAccessReverseList                         : loaded 2 times (x 196B)
Class com.amazon.ion.UnexpectedEofException                                           : loaded 2 times (x 80B)
Class com.amazon.ion.IonSexp                                                          : loaded 2 times (x 66B)
Class com.amazon.ion.ReadOnlyValueException                                           : loaded 2 times (x 80B)
Class com.amazon.ion.impl._Private_LocalSymbolTable                                   : loaded 2 times (x 66B)
Class com.amazon.ion.BufferConfiguration$DataHandler                                  : loaded 2 times (x 66B)
Class com.amazon.ion.impl._Private_IonBinaryWriterBuilder                             : loaded 2 times (x 111B)
Class org.jetbrains.plugins.gradle.tooling.serialization.RepositoriesModelSerializationService$WriteContext: loaded 2 times (x 68B)
Class com.android.ide.gradle.model.LegacyAndroidGradlePluginProperties                : loaded 2 times (x 66B)
Class kotlin.ranges.IntProgression                                                    : loaded 2 times (x 77B)
Class kotlin.jvm.KotlinReflectionNotSupportedError                                    : loaded 2 times (x 78B)
Class org.gradle.tooling.model.gradle.GradleScript                                    : loaded 2 times (x 66B)

---------------  S Y S T E M  ---------------

OS:
 Windows 11 , 64 bit Build 26100 (10.0.26100.4202)
OS uptime: 0 days 0:51 hours
Hyper-V role detected

CPU: total 12 (initial active 12) (6 cores per cpu, 2 threads per core) family 6 model 141 stepping 1 microcode 0x26, cx8, cmov, fxsr, ht, mmx, 3dnowpref, sse, sse2, sse3, ssse3, sse4.1, sse4.2, popcnt, lzcnt, tsc, tscinvbit, avx, avx2, aes, erms, clmul, bmi1, bmi2, adx, avx512f, avx512dq, avx512cd, avx512bw, avx512vl, sha, fma, vzeroupper, avx512_vpopcntdq, avx512_vpclmulqdq, avx512_vaes, avx512_vnni, clflush, clflushopt, clwb, avx512_vbmi2, avx512_vbmi, hv, rdtscp, rdpid, fsrm, gfni, avx512_bitalg, f16c, cet_ibt, cet_ss, avx512_ifma
Processor Information for the first 12 processors :
  Max Mhz: 2688, Current Mhz: 2688, Mhz Limit: 2688

Memory: 4k page, system-wide physical 16085M (753M free)
TotalPageFile size 23630M (AvailPageFile size 1M)
current process WorkingSet (physical memory assigned to process): 1897M, peak: 1955M
current process commit charge ("private bytes"): 2076M, peak: 2128M

vm_info: OpenJDK 64-Bit Server VM (21.0.6+-13391695-b895.109) for windows-amd64 JRE (21.0.6+-13391695-b895.109), built on 2025-04-22T21:19:17Z by "builder" with MS VC++ 16.10 / 16.11 (VS2019)

END.
